# Time, Roll, Pitch, Yaw, X, Y, Z, T1, T2, T3, T4, Wind X, Wind Y, PID Roll, PID Pitch, PID Yaw, PID X, PID Y, PID Z, Set Roll, Set Pitch, Set Yaw, Set X, Set Y, Set Z
8.999999999999999667e-02,-6.775828472739203789e+01,-2.907011498727051091e+01,3.232513295222278593e+00,-5.915126917719551111e-03,9.207264905283590872e-03,1.001658113061556499e+01,1.246543520303752649e-17,9.997333616368156983e-01,9.515613330974251882e-01,2.815303261053340511e-09,0.000000000000000000e+00,0.000000000000000000e+00,0.000000000000000000e+00,0.000000000000000000e+00,0.000000000000000000e+00,0.000000000000000000e+00,0.000000000000000000e+00,0.000000000000000000e+00,0.000000000000000000e+00,0.000000000000000000e+00,0.000000000000000000e+00,5.000000000000000000e+00,5.000000000000000000e+00,1.000000000000000000e+01
1.000000000000000056e-01,-8.697706604517968287e+01,-3.371788237401126054e+01,3.954663842728449730e+00,-8.819671134694478942e-03,1.497867359745970461e-02,1.002232911522013836e+01,1.649593121378368044e-18,9.998312352267579861e-01,9.601343903648295042e-01,1.067264842917361326e-09,0.000000000000000000e+00,0.000000000000000000e+00,0.000000000000000000e+00,0.000000000000000000e+00,0.000000000000000000e+00,0.000000000000000000e+00,0.000000000000000000e+00,0.000000000000000000e+00,0.000000000000000000e+00,0.000000000000000000e+00,0.000000000000000000e+00,5.000000000000000000e+00,5.000000000000000000e+00,1.000000000000000000e+01
1.100000000000000006e-01,-1.088148674473175959e+02,-3.838712031318509332e+01,4.743418639014720384e+00,-1.220176811768878232e-02,2.289752747188612131e-02,1.002784263766200468e+01,2.152254413415241671e-19,9.998935284074411678e-01,9.672875469924787639e-01,4.018540840634093062e-10,0.000000000000000000e+00,0.000000000000000000e+00,0.000000000000000000e+00,0.000000000000000000e+00,0.000000000000000000e+00,0.000000000000000000e+00,0.000000000000000000e+00,0.000000000000000000e+00,0.000000000000000000e+00,0.000000000000000000e+00,0.000000000000000000e+00,5.000000000000000000e+00,5.000000000000000000e+00,1.000000000000000000e+01
1.199999999999999956e-01,-1.332839274832223850e+02,-4.305784595283111571e+01,5.592473200115969156e+00,-1.572230393074813826e-02,3.311092303380993446e-02,1.003246782040633001e+01,2.920455516352054043e-20,9.999322311608668246e-01,9.730897162726355187e-01,1.541832397856716489e-10,0.000000000000000000e+00,0.000000000000000000e+00,0.000000000000000000e+00,0.000000000000000000e+00,0.000000000000000000e+00,0.000000000000000000e+00,0.000000000000000000e+00,0.000000000000000000e+00,0.000000000000000000e+00,0.000000000000000000e+00,0.000000000000000000e+00,5.000000000000000000e+00,5.000000000000000000e+00,1.000000000000000000e+01
1.300000000000000044e-01,-1.603900227168897743e+02,-4.771490793425741828e+01,6.489776314397335710e+00,-1.887598380719839389e-02,4.549186765480343203e-02,1.003554799035224399e+01,4.446877987179081255e-21,9.999557268121554987e-01,9.776338294067293821e-01,6.251858083034794080e-11,0.000000000000000000e+00,0.000000000000000000e+00,0.000000000000000000e+00,0.000000000000000000e+00,0.000000000000000000e+00,0.000000000000000000e+00,0.000000000000000000e+00,0.000000000000000000e+00,0.000000000000000000e+00,0.000000000000000000e+00,0.000000000000000000e+00,5.000000000000000000e+00,5.000000000000000000e+00,1.000000000000000000e+01
1.400000000000000133e-01,-1.901322390568797118e+02,-5.234920678381150339e+01,7.418425588015425731e+00,-2.107156022803913231e-02,5.956249575892556131e-02,1.003655298429575460e+01,8.300965789034479327e-22,9.999697127702188437e-01,9.810474182655937181e-01,2.795189485247810178e-11,0.000000000000000000e+00,0.000000000000000000e+00,0.000000000000000000e+00,0.000000000000000000e+00,0.000000000000000000e+00,0.000000000000000000e+00,0.000000000000000000e+00,0.000000000000000000e+00,0.000000000000000000e+00,0.000000000000000000e+00,0.000000000000000000e+00,5.000000000000000000e+00,5.000000000000000000e+00,1.000000000000000000e+01
1.499999999999999944e-01,-2.225038167597103893e+02,-5.695816877564408998e+01,8.358516555734221143e+00,-2.179509141452011869e-02,7.449139027248076472e-02,1.003521471566101653e+01,2.057150952979378080e-22,9.999779090904442613e-01,9.834914004879504734e-01,1.431646314563906258e-11,0.000000000000000000e+00,0.000000000000000000e+00,0.000000000000000000e+00,0.000000000000000000e+00,0.000000000000000000e+00,0.000000000000000000e+00,0.000000000000000000e+00,0.000000000000000000e+00,0.000000000000000000e+00,0.000000000000000000e+00,0.000000000000000000e+00,5.000000000000000000e+00,5.000000000000000000e+00,1.000000000000000000e+01
1.600000000000000033e-01,-2.574942478047225904e+02,-6.154530203919086517e+01,9.289867637505532016e+00,-2.082993357806615931e-02,8.921249735539019121e-02,1.003161376156579543e+01,7.043990809551621394e-23,9.999826648009043639e-01,9.851559533766384158e-01,8.562571229555312144e-12,0.000000000000000000e+00,0.000000000000000000e+00,0.000000000000000000e+00,0.000000000000000000e+00,0.000000000000000000e+00,0.000000000000000000e+00,0.000000000000000000e+00,0.000000000000000000e+00,0.000000000000000000e+00,0.000000000000000000e+00,0.000000000000000000e+00,5.000000000000000000e+00,5.000000000000000000e+00,1.000000000000000000e+01
1.700000000000000122e-01,-2.950927970406311260e+02,-6.611881036620850693e+01,1.019566708447571202e+01,-1.845108431352211059e-02,1.026849522273377419e-01,1.002615928369441178e+01,3.227603404878977125e-23,9.999854701804369306e-01,9.862629631955991405e-01,5.889074767789605538e-12,0.000000000000000000e+00,0.000000000000000000e+00,0.000000000000000000e+00,0.000000000000000000e+00,0.000000000000000000e+00,0.000000000000000000e+00,0.000000000000000000e+00,0.000000000000000000e+00,0.000000000000000000e+00,0.000000000000000000e+00,0.000000000000000000e+00,5.000000000000000000e+00,5.000000000000000000e+00,1.000000000000000000e+01
1.799999999999999933e-01,-3.352936102601128141e+02,-7.068925168603553288e+01,1.106718165330339332e+01,-1.546728659697512234e-02,1.142484009784881793e-01,1.001943862150042008e+01,1.753161722969880657e-23,9.999873437986708247e-01,9.870715869182430380e-01,4.394641640590012422e-12,0.000000000000000000e+00,0.000000000000000000e+00,0.000000000000000000e+00,0.000000000000000000e+00,0.000000000000000000e+00,0.000000000000000000e+00,0.000000000000000000e+00,0.000000000000000000e+00,0.000000000000000000e+00,0.000000000000000000e+00,0.000000000000000000e+00,5.000000000000000000e+00,5.000000000000000000e+00,1.000000000000000000e+01
1.900000000000000022e-01,-3.781019659403764308e+02,-7.526630118565454097e+01,1.190910740704487836e+01,-1.300015649533134421e-02,1.239407756062820415e-01,1.001198204794587632e+01,9.324095776327553108e-24,9.999890282711667577e-01,9.878587029210117443e-01,3.246445195273298352e-12,0.000000000000000000e+00,0.000000000000000000e+00,0.000000000000000000e+00,0.000000000000000000e+00,0.000000000000000000e+00,0.000000000000000000e+00,0.000000000000000000e+00,0.000000000000000000e+00,0.000000000000000000e+00,0.000000000000000000e+00,0.000000000000000000e+00,5.000000000000000000e+00,5.000000000000000000e+00,1.000000000000000000e+01
2.000000000000000111e-01,-4.235393586726040098e+02,-7.985527251236931079e+01,1.274337714193177007e+01,-1.200497204929410096e-02,1.325834860788678848e-01,1.000405794564134787e+01,4.009733387936408068e-24,9.999909348810875898e-01,9.888372232913107407e-01,2.165890702094376250e-12,0.000000000000000000e+00,0.000000000000000000e+00,0.000000000000000000e+00,0.000000000000000000e+00,0.000000000000000000e+00,0.000000000000000000e+00,0.000000000000000000e+00,0.000000000000000000e+00,0.000000000000000000e+00,0.000000000000000000e+00,0.000000000000000000e+00,5.000000000000000000e+00,5.000000000000000000e+00,1.000000000000000000e+01
2.099999999999999922e-01,-4.716430811420424334e+02,-8.445509990175240489e+01,1.360748057392857824e+01,-1.273234262072190162e-02,1.414775047397528740e-01,9.995623494669942488e+00,1.281866807541173179e-24,9.999929960838296328e-01,9.900367367757821890e-01,1.253431575852612925e-12,0.000000000000000000e+00,0.000000000000000000e+00,0.000000000000000000e+00,0.000000000000000000e+00,0.000000000000000000e+00,0.000000000000000000e+00,0.000000000000000000e+00,0.000000000000000000e+00,0.000000000000000000e+00,0.000000000000000000e+00,0.000000000000000000e+00,5.000000000000000000e+00,5.000000000000000000e+00,1.000000000000000000e+01
2.200000000000000011e-01,-5.224577251067943280e+02,-8.905951153870699954e+01,1.454527708662639007e+01,-1.448509509798107456e-02,1.517446129192758508e-01,9.986464056080132323e+00,3.398076058252827759e-25,9.999948130826230575e-01,9.912732590770962915e-01,6.630631274407677409e-13,0.000000000000000000e+00,0.000000000000000000e+00,0.000000000000000000e+00,0.000000000000000000e+00,0.000000000000000000e+00,0.000000000000000000e+00,0.000000000000000000e+00,0.000000000000000000e+00,0.000000000000000000e+00,0.000000000000000000e+00,0.000000000000000000e+00,5.000000000000000000e+00,5.000000000000000000e+00,1.000000000000000000e+01
2.300000000000000100e-01,-5.760319122191808674e+02,-9.366109731099354008e+01,1.560385346073012336e+01,-1.596082454850194371e-02,1.636379246619690253e-01,9.976401695297646199e+00,9.717099388897821664e-26,9.999960922868662561e-01,9.922993794157273229e-01,3.637429466728861699e-13,0.000000000000000000e+00,0.000000000000000000e+00,0.000000000000000000e+00,0.000000000000000000e+00,0.000000000000000000e+00,0.000000000000000000e+00,0.000000000000000000e+00,0.000000000000000000e+00,0.000000000000000000e+00,0.000000000000000000e+00,0.000000000000000000e+00,5.000000000000000000e+00,5.000000000000000000e+00,1.000000000000000000e+01
2.399999999999999911e-01,-6.323599598808684732e+02,-9.825589291936469749e+01,1.677582312962422506e+01,-1.609987869405629657e-02,1.763271271187613898e-01,9.965378308938930729e+00,4.111853827476312480e-26,9.999967831160478937e-01,9.929339850983359694e-01,2.408031041150377712e-13,0.000000000000000000e+00,0.000000000000000000e+00,0.000000000000000000e+00,0.000000000000000000e+00,0.000000000000000000e+00,0.000000000000000000e+00,0.000000000000000000e+00,0.000000000000000000e+00,0.000000000000000000e+00,0.000000000000000000e+00,0.000000000000000000e+00,5.000000000000000000e+00,5.000000000000000000e+00,1.000000000000000000e+01
2.500000000000000000e-01,-6.914440837890805369e+02,-1.028455797617801863e+02,1.806211288168180928e+01,-1.487405810531186590e-02,1.884711983052922979e-01,9.953347079872967740e+00,2.782223216059870430e-26,9.999970551668287966e-01,9.932048081465957301e-01,1.996636099312447498e-13,0.000000000000000000e+00,0.000000000000000000e+00,0.000000000000000000e+00,0.000000000000000000e+00,0.000000000000000000e+00,0.000000000000000000e+00,0.000000000000000000e+00,0.000000000000000000e+00,0.000000000000000000e+00,0.000000000000000000e+00,0.000000000000000000e+00,5.000000000000000000e+00,5.000000000000000000e+00,1.000000000000000000e+01
2.600000000000000089e-01,-7.532309595339859243e+02,-1.074354694039768674e+02,1.940850505674456628e+01,-1.331296009464074184e-02,1.992831988280687472e-01,9.940155881860736287e+00,2.290349966957913857e-26,9.999971819505599768e-01,9.933358173092411425e-01,1.818766371223347537e-13,0.000000000000000000e+00,0.000000000000000000e+00,0.000000000000000000e+00,0.000000000000000000e+00,0.000000000000000000e+00,0.000000000000000000e+00,0.000000000000000000e+00,0.000000000000000000e+00,0.000000000000000000e+00,0.000000000000000000e+00,0.000000000000000000e+00,5.000000000000000000e+00,5.000000000000000000e+00,1.000000000000000000e+01
2.700000000000000178e-01,-8.176849021676756593e+02,-1.120294108670463800e+02,2.077841526810499317e+01,-1.260585183378339427e-02,2.092025464685098313e-01,9.925664073010629807e+00,1.624891780314731257e-26,9.999973924866091268e-01,9.935608845720365068e-01,1.542689194381988861e-13,0.000000000000000000e+00,0.000000000000000000e+00,0.000000000000000000e+00,0.000000000000000000e+00,0.000000000000000000e+00,0.000000000000000000e+00,0.000000000000000000e+00,0.000000000000000000e+00,0.000000000000000000e+00,0.000000000000000000e+00,0.000000000000000000e+00,5.000000000000000000e+00,5.000000000000000000e+00,1.000000000000000000e+01
2.800000000000000266e-01,-8.847804786796560848e+02,-1.166265871610836626e+02,2.214555169442246196e+01,-1.302200091589565505e-02,2.194342495447284547e-01,9.910010491074785932e+00,8.939617953096278224e-27,9.999977221502022173e-01,9.939347980002637417e-01,1.158291708061235373e-13,0.000000000000000000e+00,0.000000000000000000e+00,0.000000000000000000e+00,0.000000000000000000e+00,0.000000000000000000e+00,0.000000000000000000e+00,0.000000000000000000e+00,0.000000000000000000e+00,0.000000000000000000e+00,0.000000000000000000e+00,0.000000000000000000e+00,5.000000000000000000e+00,5.000000000000000000e+00,1.000000000000000000e+01
2.899999999999999800e-01,-9.545100871019496935e+02,-1.212233266935213436e+02,2.350198699167654581e+01,-1.373040076645690340e-02,2.306877492844178756e-01,9.893602592283507136e+00,5.067663597250390163e-27,9.999979966216349103e-01,9.942699754560636594e-01,8.822458156782414062e-14,0.000000000000000000e+00,0.000000000000000000e+00,0.000000000000000000e+00,0.000000000000000000e+00,0.000000000000000000e+00,0.000000000000000000e+00,0.000000000000000000e+00,0.000000000000000000e+00,0.000000000000000000e+00,0.000000000000000000e+00,0.000000000000000000e+00,5.000000000000000000e+00,5.000000000000000000e+00,1.000000000000000000e+01
2.999999999999999889e-01,-1.026879219238135647e+03,-1.258172076666120205e+02,2.485353021187370004e+01,-1.376025988115682844e-02,2.424666129951197069e-01,9.876651295514291107e+00,4.281875475391608382e-27,9.999980715397246422e-01,9.943658766901234403e-01,8.137575127047043167e-14,0.000000000000000000e+00,0.000000000000000000e+00,0.000000000000000000e+00,0.000000000000000000e+00,0.000000000000000000e+00,0.000000000000000000e+00,0.000000000000000000e+00,0.000000000000000000e+00,0.000000000000000000e+00,0.000000000000000000e+00,0.000000000000000000e+00,5.000000000000000000e+00,5.000000000000000000e+00,1.000000000000000000e+01
3.099999999999999978e-01,-1.101895543233190665e+03,-1.304095907091959532e+02,2.620817380858748180e+01,-1.304911421922074627e-02,2.537940511350686434e-01,9.858820168809284468e+00,5.212684946114443146e-27,9.999979837943385741e-01,9.942537579015678917e-01,8.942656719239108008e-14,0.000000000000000000e+00,0.000000000000000000e+00,0.000000000000000000e+00,0.000000000000000000e+00,0.000000000000000000e+00,0.000000000000000000e+00,0.000000000000000000e+00,0.000000000000000000e+00,0.000000000000000000e+00,0.000000000000000000e+00,0.000000000000000000e+00,5.000000000000000000e+00,5.000000000000000000e+00,1.000000000000000000e+01
3.200000000000000067e-01,-1.179560232848571331e+03,-1.350034243053798946e+02,2.756650549061220801e+01,-1.236112694570956107e-02,2.644657093546800564e-01,9.839633451755085858e+00,5.867755019466419958e-27,9.999979290760477868e-01,9.941852181804133881e-01,9.465059818661118026e-14,0.000000000000000000e+00,0.000000000000000000e+00,0.000000000000000000e+00,0.000000000000000000e+00,0.000000000000000000e+00,0.000000000000000000e+00,0.000000000000000000e+00,0.000000000000000000e+00,0.000000000000000000e+00,0.000000000000000000e+00,0.000000000000000000e+00,5.000000000000000000e+00,5.000000000000000000e+00,1.000000000000000000e+01
3.300000000000000155e-01,-1.259870070108240270e+03,-1.395988001374120699e+02,2.892435491095087130e+01,-1.224351211110984682e-02,2.751349615931114601e-01,9.819174356713009644e+00,4.833620142025429069e-27,9.999980179354377441e-01,9.942970515391533759e-01,8.624635806285107057e-14,0.000000000000000000e+00,0.000000000000000000e+00,0.000000000000000000e+00,0.000000000000000000e+00,0.000000000000000000e+00,0.000000000000000000e+00,0.000000000000000000e+00,0.000000000000000000e+00,0.000000000000000000e+00,0.000000000000000000e+00,0.000000000000000000e+00,5.000000000000000000e+00,5.000000000000000000e+00,1.000000000000000000e+01
3.400000000000000244e-01,-1.342823151005844920e+03,-1.441938261933410388e+02,3.027996633021083994e+01,-1.241551712990978697e-02,2.862255327327676846e-01,9.797933753030262594e+00,4.200190523161993652e-27,9.999980799237270235e-01,9.943767377237692218e-01,8.062747944207204621e-14,0.000000000000000000e+00,0.000000000000000000e+00,0.000000000000000000e+00,0.000000000000000000e+00,0.000000000000000000e+00,0.000000000000000000e+00,0.000000000000000000e+00,0.000000000000000000e+00,0.000000000000000000e+00,0.000000000000000000e+00,0.000000000000000000e+00,5.000000000000000000e+00,5.000000000000000000e+00,1.000000000000000000e+01
3.500000000000000333e-01,-1.428420164785469296e+03,-1.487877388866789659e+02,3.163487029713764898e+01,-1.232429132756558167e-02,2.974513058617352934e-01,9.775984824474654999e+00,5.768637339017522617e-27,9.999979370413717428e-01,9.941951319086989036e-01,9.388038921578588213e-14,0.000000000000000000e+00,0.000000000000000000e+00,0.000000000000000000e+00,0.000000000000000000e+00,0.000000000000000000e+00,0.000000000000000000e+00,0.000000000000000000e+00,0.000000000000000000e+00,0.000000000000000000e+00,0.000000000000000000e+00,0.000000000000000000e+00,5.000000000000000000e+00,5.000000000000000000e+00,1.000000000000000000e+01
3.599999999999999867e-01,-1.516662655378441968e+03,-1.533816962241463386e+02,3.299070657053772493e+01,-1.193483997975395595e-02,3.085253921961866874e-01,9.752959818180613638e+00,9.622428072511445094e-27,9.999976839075445101e-01,9.938899310851682101e-01,1.199910651489840237e-13,0.000000000000000000e+00,0.000000000000000000e+00,0.000000000000000000e+00,0.000000000000000000e+00,0.000000000000000000e+00,0.000000000000000000e+00,0.000000000000000000e+00,0.000000000000000000e+00,0.000000000000000000e+00,0.000000000000000000e+00,0.000000000000000000e+00,5.000000000000000000e+00,5.000000000000000000e+00,1.000000000000000000e+01
3.699999999999999956e-01,-1.607550628009700631e+03,-1.579761045917828994e+02,3.434666085096056065e+01,-1.161140633840651755e-02,3.195243417155029797e-01,9.728823101308039512e+00,1.207331511762699633e-26,9.999975619277837735e-01,9.937495320331609650e-01,1.337858605339520189e-13,0.000000000000000000e+00,0.000000000000000000e+00,0.000000000000000000e+00,0.000000000000000000e+00,0.000000000000000000e+00,0.000000000000000000e+00,0.000000000000000000e+00,0.000000000000000000e+00,0.000000000000000000e+00,0.000000000000000000e+00,0.000000000000000000e+00,5.000000000000000000e+00,5.000000000000000000e+00,1.000000000000000000e+01
3.800000000000000044e-01,-1.701083245333252535e+03,-1.625702280466004481e+02,3.570255163556939237e+01,-1.147029391612851799e-02,3.304576347800874947e-01,9.703789118585696372e+00,1.422945079855593461e-26,9.999974696014897191e-01,9.936458614698744363e-01,1.447557079258985429e-13,0.000000000000000000e+00,0.000000000000000000e+00,0.000000000000000000e+00,0.000000000000000000e+00,0.000000000000000000e+00,0.000000000000000000e+00,0.000000000000000000e+00,0.000000000000000000e+00,0.000000000000000000e+00,0.000000000000000000e+00,0.000000000000000000e+00,5.000000000000000000e+00,5.000000000000000000e+00,1.000000000000000000e+01
3.900000000000000133e-01,-1.797259488411299344e+03,-1.671646489506719320e+02,3.705836930991239342e+01,-1.133211858604945763e-02,3.413719910882750952e-01,9.677701396702774517e+00,2.572496888945352992e-26,9.999971069140796143e-01,9.932578904831138589e-01,1.922978825778729386e-13,0.000000000000000000e+00,0.000000000000000000e+00,0.000000000000000000e+00,0.000000000000000000e+00,0.000000000000000000e+00,0.000000000000000000e+00,0.000000000000000000e+00,0.000000000000000000e+00,0.000000000000000000e+00,0.000000000000000000e+00,0.000000000000000000e+00,5.000000000000000000e+00,5.000000000000000000e+00,1.000000000000000000e+01
4.000000000000000222e-01,-1.896079426692205743e+03,-1.717594385892683420e+02,3.841342709305907022e+01,-1.115347890947461507e-02,3.525514542695185050e-01,9.650547408855697284e+00,5.433044320498529959e-26,9.999965738415046435e-01,9.927342889401472581e-01,2.752308628645823517e-13,0.000000000000000000e+00,0.000000000000000000e+00,0.000000000000000000e+00,0.000000000000000000e+00,0.000000000000000000e+00,0.000000000000000000e+00,0.000000000000000000e+00,0.000000000000000000e+00,0.000000000000000000e+00,0.000000000000000000e+00,0.000000000000000000e+00,5.000000000000000000e+00,5.000000000000000000e+00,1.000000000000000000e+01
4.100000000000000311e-01,-1.997543544545244231e+03,-1.763530197743076542e+02,3.976809448322030960e+01,-1.096417202647985076e-02,3.637471939210991101e-01,9.622727227246507198e+00,8.673158318390891320e-26,9.999961914702809596e-01,9.923863833973266546e-01,3.444462893655476845e-13,0.000000000000000000e+00,0.000000000000000000e+00,0.000000000000000000e+00,0.000000000000000000e+00,0.000000000000000000e+00,0.000000000000000000e+00,0.000000000000000000e+00,0.000000000000000000e+00,0.000000000000000000e+00,0.000000000000000000e+00,0.000000000000000000e+00,5.000000000000000000e+00,5.000000000000000000e+00,1.000000000000000000e+01
4.199999999999999845e-01,-2.101650814496927978e+03,-1.809463791127087688e+02,4.112452289508886594e+01,-1.066141353636341008e-02,3.744886126323062059e-01,9.593897695879030962e+00,1.560513129298968587e-25,9.999956502935487546e-01,9.919259952745732578e-01,4.565248057464516869e-13,0.000000000000000000e+00,0.000000000000000000e+00,0.000000000000000000e+00,0.000000000000000000e+00,0.000000000000000000e+00,0.000000000000000000e+00,0.000000000000000000e+00,0.000000000000000000e+00,0.000000000000000000e+00,0.000000000000000000e+00,0.000000000000000000e+00,5.000000000000000000e+00,5.000000000000000000e+00,1.000000000000000000e+01
4.299999999999999933e-01,-2.208399729139646752e+03,-1.855420195446454272e+02,4.248050212299332884e+01,-1.040818867203395157e-02,3.854209485427343984e-01,9.563564517386604180e+00,4.137312504135179105e-25,9.999945769142697394e-01,9.911000299269505653e-01,7.287090132923069196e-13,0.000000000000000000e+00,0.000000000000000000e+00,0.000000000000000000e+00,0.000000000000000000e+00,0.000000000000000000e+00,0.000000000000000000e+00,0.000000000000000000e+00,0.000000000000000000e+00,0.000000000000000000e+00,0.000000000000000000e+00,0.000000000000000000e+00,5.000000000000000000e+00,5.000000000000000000e+00,1.000000000000000000e+01
4.400000000000000022e-01,-2.317790843885320555e+03,-1.901365547268882494e+02,4.383363844279138277e+01,-1.042641714510136354e-02,3.968532820605165101e-01,9.532612900447114512e+00,9.602264550015134312e-25,9.999934391624967223e-01,9.903197823338505401e-01,1.091251322192215158e-12,0.000000000000000000e+00,0.000000000000000000e+00,0.000000000000000000e+00,0.000000000000000000e+00,0.000000000000000000e+00,0.000000000000000000e+00,0.000000000000000000e+00,0.000000000000000000e+00,0.000000000000000000e+00,0.000000000000000000e+00,0.000000000000000000e+00,5.000000000000000000e+00,5.000000000000000000e+00,1.000000000000000000e+01
4.500000000000000111e-01,-2.429823044738667704e+03,-1.947281134650889953e+02,4.518910151449114920e+01,-1.021135456039331570e-02,4.076932047276117244e-01,9.501160777184448847e+00,2.045542983740499758e-24,9.999922151080197219e-01,9.895614253700052432e-01,1.568354676966624884e-12,0.000000000000000000e+00,0.000000000000000000e+00,0.000000000000000000e+00,0.000000000000000000e+00,0.000000000000000000e+00,0.000000000000000000e+00,0.000000000000000000e+00,0.000000000000000000e+00,0.000000000000000000e+00,0.000000000000000000e+00,0.000000000000000000e+00,5.000000000000000000e+00,5.000000000000000000e+00,1.000000000000000000e+01
4.600000000000000200e-01,-2.544493631789887331e+03,-1.993237488040887513e+02,4.654700131044757683e+01,-9.684431013342258143e-03,4.183962764469874585e-01,9.467909013360365833e+00,6.396639064391684636e-24,9.999899247508248212e-01,9.883057101990952997e-01,2.709680887180313604e-12,0.000000000000000000e+00,0.000000000000000000e+00,0.000000000000000000e+00,0.000000000000000000e+00,0.000000000000000000e+00,0.000000000000000000e+00,0.000000000000000000e+00,0.000000000000000000e+00,0.000000000000000000e+00,0.000000000000000000e+00,0.000000000000000000e+00,5.000000000000000000e+00,5.000000000000000000e+00,1.000000000000000000e+01
4.700000000000000289e-01,-2.661804278123316635e+03,-2.039200870469124709e+02,4.789892927740432071e+01,-9.746004541789254905e-03,4.299241422415321368e-01,9.433742786546558179e+00,1.955007645790827617e-23,9.999870279457879763e-01,9.869307328831017356e-01,4.630432409804776438e-12,0.000000000000000000e+00,0.000000000000000000e+00,0.000000000000000000e+00,0.000000000000000000e+00,0.000000000000000000e+00,0.000000000000000000e+00,0.000000000000000000e+00,0.000000000000000000e+00,0.000000000000000000e+00,0.000000000000000000e+00,0.000000000000000000e+00,5.000000000000000000e+00,5.000000000000000000e+00,1.000000000000000000e+01
4.799999999999999822e-01,-2.781752240984955733e+03,-2.085097128309945163e+02,4.925269421135144654e+01,-9.761147401844116542e-03,4.407961744779407831e-01,9.399491404101613767e+00,5.275899388326274080e-23,9.999837618906411985e-01,9.855758114667462211e-01,7.454232090709140717e-12,0.000000000000000000e+00,0.000000000000000000e+00,0.000000000000000000e+00,0.000000000000000000e+00,0.000000000000000000e+00,0.000000000000000000e+00,0.000000000000000000e+00,0.000000000000000000e+00,0.000000000000000000e+00,0.000000000000000000e+00,0.000000000000000000e+00,5.000000000000000000e+00,5.000000000000000000e+00,1.000000000000000000e+01
4.899999999999999911e-01,-2.904331564144747972e+03,-2.131054720232486090e+02,5.061338660922182697e+01,-9.017965930078314027e-03,4.514281851314010385e-01,9.363348312154000652e+00,2.042329978159346194e-22,9.999779451925169260e-01,9.835032237947654021e-01,1.426690127709795142e-11,0.000000000000000000e+00,0.000000000000000000e+00,0.000000000000000000e+00,0.000000000000000000e+00,0.000000000000000000e+00,0.000000000000000000e+00,0.000000000000000000e+00,0.000000000000000000e+00,0.000000000000000000e+00,0.000000000000000000e+00,0.000000000000000000e+00,5.000000000000000000e+00,5.000000000000000000e+00,1.000000000000000000e+01
5.000000000000000000e-01,-3.029549401557553210e+03,-2.177036663477648517e+02,5.196252634184438080e+01,-9.113104031047690803e-03,4.630823448886408067e-01,9.326170153052133927e+00,7.640219312465559634e-22,9.999702757273570830e-01,9.812021708894140826e-01,2.686176152034323135e-11,0.000000000000000000e+00,0.000000000000000000e+00,0.000000000000000000e+00,0.000000000000000000e+00,0.000000000000000000e+00,0.000000000000000000e+00,0.000000000000000000e+00,0.000000000000000000e+00,0.000000000000000000e+00,0.000000000000000000e+00,0.000000000000000000e+00,5.000000000000000000e+00,5.000000000000000000e+00,1.000000000000000000e+01
5.100000000000000089e-01,-3.157396843610837550e+03,-2.222899891912851444e+02,5.331555152340455095e+01,-9.229773585263641514e-03,4.737429963344090833e-01,9.289011969941165958e+00,2.672946569916432440e-21,9.999605418475072671e-01,9.787281192612863334e-01,4.897618503652776259e-11,0.000000000000000000e+00,0.000000000000000000e+00,0.000000000000000000e+00,0.000000000000000000e+00,0.000000000000000000e+00,0.000000000000000000e+00,0.000000000000000000e+00,0.000000000000000000e+00,0.000000000000000000e+00,0.000000000000000000e+00,0.000000000000000000e+00,5.000000000000000000e+00,5.000000000000000000e+00,1.000000000000000000e+01
5.200000000000000178e-01,-3.287862605823333070e+03,-2.268887659836430259e+02,5.468103832271182796e+01,-8.302233302196971448e-03,4.845578400942538444e-01,9.249808813070110602e+00,1.324080888704712914e-20,9.999433336727794330e-01,9.750997183860504736e-01,1.055054916092355890e-10,0.000000000000000000e+00,0.000000000000000000e+00,0.000000000000000000e+00,0.000000000000000000e+00,0.000000000000000000e+00,0.000000000000000000e+00,0.000000000000000000e+00,0.000000000000000000e+00,0.000000000000000000e+00,0.000000000000000000e+00,0.000000000000000000e+00,5.000000000000000000e+00,5.000000000000000000e+00,1.000000000000000000e+01
5.300000000000000266e-01,-3.420970095556354863e+03,-2.314865226241946914e+02,5.602048721501420658e+01,-8.668545745553975918e-03,4.962676916846721631e-01,9.209903209419040948e+00,5.790162209182189979e-20,9.999208843287461512e-01,9.712239760667823463e-01,2.140895345327341802e-10,0.000000000000000000e+00,0.000000000000000000e+00,0.000000000000000000e+00,0.000000000000000000e+00,0.000000000000000000e+00,0.000000000000000000e+00,0.000000000000000000e+00,0.000000000000000000e+00,0.000000000000000000e+00,0.000000000000000000e+00,0.000000000000000000e+00,5.000000000000000000e+00,5.000000000000000000e+00,1.000000000000000000e+01
5.400000000000000355e-01,-3.556682179052701940e+03,-2.360681009707964222e+02,5.738136819873157179e+01,-8.508753496948297593e-03,5.065199020588943002e-01,9.169665862704585280e+00,2.765694305145934758e-19,9.998873147071770662e-01,9.664785998542599899e-01,4.532132434383340920e-10,0.000000000000000000e+00,0.000000000000000000e+00,0.000000000000000000e+00,0.000000000000000000e+00,0.000000000000000000e+00,0.000000000000000000e+00,0.000000000000000000e+00,0.000000000000000000e+00,0.000000000000000000e+00,0.000000000000000000e+00,0.000000000000000000e+00,5.000000000000000000e+00,5.000000000000000000e+00,1.000000000000000000e+01
5.500000000000000444e-01,-3.695001044035243467e+03,-2.406770678894675655e+02,5.874833302926460732e+01,-7.636252059412542217e-03,5.179650012931179548e-01,9.127382404482462519e+00,1.693379210050148102e-18,9.998302323278152048e-01,9.600332446570936096e-01,1.080759024988392586e-09,0.000000000000000000e+00,0.000000000000000000e+00,0.000000000000000000e+00,0.000000000000000000e+00,0.000000000000000000e+00,0.000000000000000000e+00,0.000000000000000000e+00,0.000000000000000000e+00,0.000000000000000000e+00,0.000000000000000000e+00,0.000000000000000000e+00,5.000000000000000000e+00,5.000000000000000000e+00,1.000000000000000000e+01
5.600000000000000533e-01,-3.835971108646598168e+03,-2.452628224535721131e+02,6.006468928737601942e+01,-8.376623130435210951e-03,5.291526751916774129e-01,9.084937273443165040e+00,8.798142978319857469e-18,9.997535647785158464e-01,9.531538654802537147e-01,2.382060871659179853e-09,0.000000000000000000e+00,0.000000000000000000e+00,0.000000000000000000e+00,0.000000000000000000e+00,0.000000000000000000e+00,0.000000000000000000e+00,0.000000000000000000e+00,0.000000000000000000e+00,0.000000000000000000e+00,0.000000000000000000e+00,0.000000000000000000e+00,5.000000000000000000e+00,5.000000000000000000e+00,1.000000000000000000e+01
5.700000000000000622e-01,-3.979461059241931252e+03,-2.498503637518913365e+02,6.147037987692664984e+01,-7.439909375798237773e-03,5.394683444577281772e-01,9.041297842299920617e+00,6.011828330488933095e-17,9.996194258707560287e-01,9.437096433617668811e-01,5.987421261054580233e-09,0.000000000000000000e+00,0.000000000000000000e+00,0.000000000000000000e+00,0.000000000000000000e+00,0.000000000000000000e+00,0.000000000000000000e+00,0.000000000000000000e+00,0.000000000000000000e+00,0.000000000000000000e+00,0.000000000000000000e+00,0.000000000000000000e+00,5.000000000000000000e+00,5.000000000000000000e+00,1.000000000000000000e+01
5.799999999999999600e-01,-4.125626480556474235e+03,-2.544677586211688833e+02,6.277950461674130622e+01,-7.436722665287489806e-03,5.514753077177018126e-01,8.996335218034689163e+00,4.172694713889012187e-16,9.994102335330331544e-01,9.323970162188734978e-01,1.516301104804830298e-08,0.000000000000000000e+00,0.000000000000000000e+00,0.000000000000000000e+00,0.000000000000000000e+00,0.000000000000000000e+00,0.000000000000000000e+00,0.000000000000000000e+00,0.000000000000000000e+00,0.000000000000000000e+00,0.000000000000000000e+00,0.000000000000000000e+00,5.000000000000000000e+00,5.000000000000000000e+00,1.000000000000000000e+01
5.899999999999999689e-01,-4.274338177657852611e+03,-2.590258695227299199e+02,6.412329774151380946e+01,-7.648490304539166430e-03,5.615749063821534603e-01,8.950990609895805861e+00,2.937837803918177877e-15,9.990832046785516063e-01,9.188988817477691251e-01,3.866385902090975546e-08,0.000000000000000000e+00,0.000000000000000000e+00,0.000000000000000000e+00,0.000000000000000000e+00,0.000000000000000000e+00,0.000000000000000000e+00,0.000000000000000000e+00,0.000000000000000000e+00,0.000000000000000000e+00,0.000000000000000000e+00,0.000000000000000000e+00,5.000000000000000000e+00,5.000000000000000000e+00,1.000000000000000000e+01
5.999999999999999778e-01,-4.425468841943707957e+03,-2.636579645016070117e+02,6.560948406965363233e+01,-6.571934705830571703e-03,5.731781416065189205e-01,8.904111028499844593e+00,2.648624844429558695e-14,9.984932520908740283e-01,9.007818318311623385e-01,1.110007071651140631e-07,0.000000000000000000e+00,0.000000000000000000e+00,0.000000000000000000e+00,0.000000000000000000e+00,0.000000000000000000e+00,0.000000000000000000e+00,0.000000000000000000e+00,0.000000000000000000e+00,0.000000000000000000e+00,0.000000000000000000e+00,0.000000000000000000e+00,5.000000000000000000e+00,5.000000000000000000e+00,1.000000000000000000e+01
6.099999999999999867e-01,-4.579719124755662051e+03,-2.682243970870913472e+02,6.651214832458101966e+01,-7.449242964662739462e-03,5.841022566915615721e-01,8.856598612606934040e+00,2.150369423520604363e-13,9.975824434857949452e-01,8.802668472433566871e-01,3.030568792023587350e-07,0.000000000000000000e+00,0.000000000000000000e+00,0.000000000000000000e+00,0.000000000000000000e+00,0.000000000000000000e+00,0.000000000000000000e+00,0.000000000000000000e+00,0.000000000000000000e+00,0.000000000000000000e+00,0.000000000000000000e+00,0.000000000000000000e+00,5.000000000000000000e+00,5.000000000000000000e+00,1.000000000000000000e+01
6.199999999999999956e-01,-4.733802586961812267e+03,-2.728224214193464832e+02,7.010341796003606873e+01,-6.220503573016475038e-03,5.947399134152174804e-01,8.807952200764882278e+00,2.411958058997093514e-12,9.958303776315601263e-01,8.521312846810853436e-01,9.661439503375410705e-07,0.000000000000000000e+00,0.000000000000000000e+00,0.000000000000000000e+00,0.000000000000000000e+00,0.000000000000000000e+00,0.000000000000000000e+00,0.000000000000000000e+00,0.000000000000000000e+00,0.000000000000000000e+00,0.000000000000000000e+00,0.000000000000000000e+00,5.000000000000000000e+00,5.000000000000000000e+00,1.000000000000000000e+01
6.300000000000000044e-01,-4.889278959348194803e+03,-2.774493294504659389e+02,7.478534497707514106e+01,-6.808213795839417395e-03,6.065212260657316667e-01,8.758393348664384348e+00,3.183116671961888203e-11,9.925505615059339037e-01,8.163015521420555753e-01,3.329902644182826491e-06,0.000000000000000000e+00,0.000000000000000000e+00,0.000000000000000000e+00,0.000000000000000000e+00,0.000000000000000000e+00,0.000000000000000000e+00,0.000000000000000000e+00,0.000000000000000000e+00,0.000000000000000000e+00,0.000000000000000000e+00,0.000000000000000000e+00,5.000000000000000000e+00,5.000000000000000000e+00,1.000000000000000000e+01
6.400000000000000133e-01,-5.045192095511536536e+03,-2.819701090869588711e+02,8.147232478630520802e+01,-6.143321593873929398e-03,6.165616495526481389e-01,8.707732138755265083e+00,3.284494121109858573e-10,9.874349263505162178e-01,7.783974130430318938e-01,1.019917962294779058e-05,0.000000000000000000e+00,0.000000000000000000e+00,0.000000000000000000e+00,0.000000000000000000e+00,0.000000000000000000e+00,0.000000000000000000e+00,0.000000000000000000e+00,0.000000000000000000e+00,0.000000000000000000e+00,0.000000000000000000e+00,0.000000000000000000e+00,5.000000000000000000e+00,5.000000000000000000e+00,1.000000000000000000e+01
6.500000000000000222e-01,-5.201752627752220178e+03,-2.866787224290451377e+02,8.991273308548018406e+01,-6.062323129559943173e-03,6.286380188883530229e-01,8.656351475257231698e+00,3.186774850367918814e-09,9.791670000544385744e-01,7.364146937333705401e-01,3.032996078558291249e-05,0.000000000000000000e+00,0.000000000000000000e+00,0.000000000000000000e+00,0.000000000000000000e+00,0.000000000000000000e+00,0.000000000000000000e+00,0.000000000000000000e+00,0.000000000000000000e+00,0.000000000000000000e+00,0.000000000000000000e+00,0.000000000000000000e+00,5.000000000000000000e+00,5.000000000000000000e+00,1.000000000000000000e+01
6.600000000000000311e-01,-5.361012895776294499e+03,-2.911330141762380777e+02,9.799215501998780553e+01,-6.041639302040451368e-03,6.386507915052548334e-01,8.603569695878105605e+00,3.474845436881577444e-08,9.647611093618618794e-01,6.871265171644271863e-01,9.538401085988721523e-05,0.000000000000000000e+00,0.000000000000000000e+00,0.000000000000000000e+00,0.000000000000000000e+00,0.000000000000000000e+00,0.000000000000000000e+00,0.000000000000000000e+00,0.000000000000000000e+00,0.000000000000000000e+00,0.000000000000000000e+00,0.000000000000000000e+00,5.000000000000000000e+00,5.000000000000000000e+00,1.000000000000000000e+01
6.700000000000000400e-01,-5.522705822381644793e+03,-2.958759089436231307e+02,1.058879971490568721e+02,-5.421086826048858963e-03,6.505733239591076078e-01,8.550324219823394856e+00,4.486071001704444235e-07,9.388366439831388188e-01,6.292516888467050151e-01,3.252260138208844524e-04,0.000000000000000000e+00,0.000000000000000000e+00,0.000000000000000000e+00,0.000000000000000000e+00,0.000000000000000000e+00,0.000000000000000000e+00,0.000000000000000000e+00,0.000000000000000000e+00,0.000000000000000000e+00,0.000000000000000000e+00,0.000000000000000000e+00,5.000000000000000000e+00,5.000000000000000000e+00,1.000000000000000000e+01
6.800000000000000488e-01,-5.686105712905509790e+03,-3.003389198773641056e+02,1.142977452779465892e+02,-5.800638638893024744e-03,6.608367151739099610e-01,8.495574320382846878e+00,6.324842401106140809e-06,8.940250196405986616e-01,5.652315455078357198e-01,1.156062189605654546e-03,0.000000000000000000e+00,0.000000000000000000e+00,0.000000000000000000e+00,0.000000000000000000e+00,0.000000000000000000e+00,0.000000000000000000e+00,0.000000000000000000e+00,0.000000000000000000e+00,0.000000000000000000e+00,0.000000000000000000e+00,0.000000000000000000e+00,5.000000000000000000e+00,5.000000000000000000e+00,1.000000000000000000e+01
6.900000000000000577e-01,-5.852189757382624521e+03,-3.050289244684627192e+02,1.220105824453402334e+02,-4.931656688737265544e-03,6.724917358911544074e-01,8.440260664362817522e+00,1.032931583622428902e-04,8.254640705657605437e-01,4.840113332742405627e-01,4.540610797857675372e-03,0.000000000000000000e+00,0.000000000000000000e+00,0.000000000000000000e+00,0.000000000000000000e+00,0.000000000000000000e+00,0.000000000000000000e+00,0.000000000000000000e+00,0.000000000000000000e+00,0.000000000000000000e+00,0.000000000000000000e+00,0.000000000000000000e+00,5.000000000000000000e+00,5.000000000000000000e+00,1.000000000000000000e+01
7.000000000000000666e-01,-6.019521892886827118e+03,-3.095703986505467924e+02,1.304883458795762294e+02,-5.407860211793525870e-03,6.830057611338808954e-01,8.383716839616143446e+00,1.825682260957043430e-03,7.360381308624854846e-01,3.903395640829325774e-01,1.957087583804921829e-02,0.000000000000000000e+00,0.000000000000000000e+00,0.000000000000000000e+00,0.000000000000000000e+00,0.000000000000000000e+00,0.000000000000000000e+00,0.000000000000000000e+00,0.000000000000000000e+00,0.000000000000000000e+00,0.000000000000000000e+00,0.000000000000000000e+00,5.000000000000000000e+00,5.000000000000000000e+00,1.000000000000000000e+01
7.099999999999999645e-01,-6.189165493921555026e+03,-3.141650450574247202e+02,1.382208599980835118e+02,-4.572951853446090287e-03,6.944613299033995935e-01,8.326236809042764975e+00,2.985122013870103105e-02,6.398241131706615681e-01,3.202598143431342748e-01,1.061784413980292052e-01,0.000000000000000000e+00,0.000000000000000000e+00,0.000000000000000000e+00,0.000000000000000000e+00,0.000000000000000000e+00,0.000000000000000000e+00,0.000000000000000000e+00,0.000000000000000000e+00,0.000000000000000000e+00,0.000000000000000000e+00,0.000000000000000000e+00,5.000000000000000000e+00,5.000000000000000000e+00,1.000000000000000000e+01
7.199999999999999734e-01,-6.359740972691219213e+03,-3.187740878829400231e+02,1.465674437983458347e+02,-4.977286816659605428e-03,7.050990493814803806e-01,8.267927529459022651e+00,1.738632019428320019e-01,5.051792333423964498e-01,2.929865969218635180e-01,2.967728875627666518e-01,0.000000000000000000e+00,0.000000000000000000e+00,0.000000000000000000e+00,0.000000000000000000e+00,0.000000000000000000e+00,0.000000000000000000e+00,0.000000000000000000e+00,0.000000000000000000e+00,0.000000000000000000e+00,0.000000000000000000e+00,0.000000000000000000e+00,5.000000000000000000e+00,5.000000000000000000e+00,1.000000000000000000e+01
7.299999999999999822e-01,-6.531580971370082807e+03,-3.233448676782811049e+02,1.544945289821414462e+02,-4.182689882458623387e-03,7.165448252852726352e-01,8.208253597395357204e+00,1.738632019428320019e-01,5.051792333423964498e-01,2.929865969218635180e-01,2.967728875627666518e-01,0.000000000000000000e+00,0.000000000000000000e+00,0.000000000000000000e+00,0.000000000000000000e+00,0.000000000000000000e+00,0.000000000000000000e+00,0.000000000000000000e+00,0.000000000000000000e+00,0.000000000000000000e+00,0.000000000000000000e+00,0.000000000000000000e+00,5.000000000000000000e+00,5.000000000000000000e+00,1.000000000000000000e+01
7.399999999999999911e-01,-6.703980472376037142e+03,-3.279793733195060099e+02,1.627180260926680546e+02,-4.478073348232258083e-03,7.271955083025082311e-01,8.148163756683000969e+00,1.738632019428320019e-01,5.051792333423964498e-01,2.929865969218635180e-01,2.967728875627666518e-01,0.000000000000000000e+00,0.000000000000000000e+00,0.000000000000000000e+00,0.000000000000000000e+00,0.000000000000000000e+00,0.000000000000000000e+00,0.000000000000000000e+00,0.000000000000000000e+00,0.000000000000000000e+00,0.000000000000000000e+00,0.000000000000000000e+00,5.000000000000000000e+00,5.000000000000000000e+00,1.000000000000000000e+01
7.500000000000000000e-01,-6.876899271620222862e+03,-3.325665631936278146e+02,1.708005475932893944e+02,-3.723810590654315529e-03,7.387086478835525050e-01,8.086308560572984305e+00,1.738632019428320019e-01,5.051792333423964498e-01,2.929865969218635180e-01,2.967728875627666518e-01,0.000000000000000000e+00,0.000000000000000000e+00,0.000000000000000000e+00,0.000000000000000000e+00,0.000000000000000000e+00,0.000000000000000000e+00,0.000000000000000000e+00,0.000000000000000000e+00,0.000000000000000000e+00,0.000000000000000000e+00,0.000000000000000000e+00,5.000000000000000000e+00,5.000000000000000000e+00,1.000000000000000000e+01
7.600000000000000089e-01,-7.050185347753583301e+03,-3.372155790327476552e+02,1.790079627692354336e+02,-3.867125547100027511e-03,7.493644145405788937e-01,8.024430535682048671e+00,1.738632019428320019e-01,5.051792333423964498e-01,2.929865969218635180e-01,2.967728875627666518e-01,0.000000000000000000e+00,0.000000000000000000e+00,0.000000000000000000e+00,0.000000000000000000e+00,0.000000000000000000e+00,0.000000000000000000e+00,0.000000000000000000e+00,0.000000000000000000e+00,0.000000000000000000e+00,0.000000000000000000e+00,0.000000000000000000e+00,5.000000000000000000e+00,5.000000000000000000e+00,1.000000000000000000e+01
7.700000000000000178e-01,-7.223957150140941849e+03,-3.417901150830235224e+02,1.871057948660324826e+02,-3.285627233423123877e-03,7.608501728758366722e-01,7.960455717856536495e+00,1.738632019428320019e-01,5.051792333423964498e-01,2.929865969218635180e-01,2.967728875627666518e-01,0.000000000000000000e+00,0.000000000000000000e+00,0.000000000000000000e+00,0.000000000000000000e+00,0.000000000000000000e+00,0.000000000000000000e+00,0.000000000000000000e+00,0.000000000000000000e+00,0.000000000000000000e+00,0.000000000000000000e+00,0.000000000000000000e+00,5.000000000000000000e+00,5.000000000000000000e+00,1.000000000000000000e+01
7.800000000000000266e-01,-7.398125449524288342e+03,-3.464498775944216504e+02,1.952990285758990012e+02,-3.253548794216015207e-03,7.715650971749630216e-01,7.896751134073574541e+00,1.738632019428320019e-01,5.051792333423964498e-01,2.929865969218635180e-01,2.967728875627666518e-01,0.000000000000000000e+00,0.000000000000000000e+00,0.000000000000000000e+00,0.000000000000000000e+00,0.000000000000000000e+00,0.000000000000000000e+00,0.000000000000000000e+00,0.000000000000000000e+00,0.000000000000000000e+00,0.000000000000000000e+00,0.000000000000000000e+00,5.000000000000000000e+00,5.000000000000000000e+00,1.000000000000000000e+01
7.900000000000000355e-01,-7.572754639809819309e+03,-3.510153145714488687e+02,2.034101465119327372e+02,-2.843921498743601228e-03,7.829586357931932472e-01,7.830700892915218425e+00,1.738632019428320019e-01,5.051792333423964498e-01,2.929865969218635180e-01,2.967728875627666518e-01,0.000000000000000000e+00,0.000000000000000000e+00,0.000000000000000000e+00,0.000000000000000000e+00,0.000000000000000000e+00,0.000000000000000000e+00,0.000000000000000000e+00,0.000000000000000000e+00,0.000000000000000000e+00,0.000000000000000000e+00,0.000000000000000000e+00,5.000000000000000000e+00,5.000000000000000000e+00,1.000000000000000000e+01
8.000000000000000444e-01,-7.747800920246104397e+03,-3.556824979838057743e+02,2.115912406936375589e+02,-2.660470776758628621e-03,7.937959783751857845e-01,7.765121985414016770e+00,1.738632019428320019e-01,5.051792333423964498e-01,2.929865969218635180e-01,2.967728875627666518e-01,0.000000000000000000e+00,0.000000000000000000e+00,0.000000000000000000e+00,0.000000000000000000e+00,0.000000000000000000e+00,0.000000000000000000e+00,0.000000000000000000e+00,0.000000000000000000e+00,0.000000000000000000e+00,0.000000000000000000e+00,0.000000000000000000e+00,5.000000000000000000e+00,5.000000000000000000e+00,1.000000000000000000e+01
8.100000000000000533e-01,-7.923291545549845068e+03,-3.602419568439270279e+02,2.197135459966264364e+02,-2.377797481039178179e-03,8.050405400300355563e-01,7.697045972069076925e+00,1.738632019428320019e-01,5.051792333423964498e-01,2.929865969218635180e-01,2.967728875627666518e-01,0.000000000000000000e+00,0.000000000000000000e+00,0.000000000000000000e+00,0.000000000000000000e+00,0.000000000000000000e+00,0.000000000000000000e+00,0.000000000000000000e+00,0.000000000000000000e+00,0.000000000000000000e+00,0.000000000000000000e+00,0.000000000000000000e+00,5.000000000000000000e+00,5.000000000000000000e+00,1.000000000000000000e+01
8.200000000000000622e-01,-8.099212099768857115e+03,-3.649137866538667367e+02,2.278845039002216311e+02,-2.104745280607201417e-03,8.160435582483632766e-01,7.629544588118442050e+00,1.738632019428320019e-01,5.051792333423964498e-01,2.929865969218635180e-01,2.967728875627666518e-01,0.000000000000000000e+00,0.000000000000000000e+00,0.000000000000000000e+00,0.000000000000000000e+00,0.000000000000000000e+00,0.000000000000000000e+00,0.000000000000000000e+00,0.000000000000000000e+00,0.000000000000000000e+00,0.000000000000000000e+00,0.000000000000000000e+00,5.000000000000000000e+00,5.000000000000000000e+00,1.000000000000000000e+01
8.300000000000000711e-01,-8.275567550483605373e+03,-3.694697216105420239e+02,2.360160175590286542e+02,-1.875155983279828313e-03,8.271115504067730884e-01,7.559488759388189649e+00,1.738632019428320019e-01,5.051792333423964498e-01,2.929865969218635180e-01,2.967728875627666518e-01,0.000000000000000000e+00,0.000000000000000000e+00,0.000000000000000000e+00,0.000000000000000000e+00,0.000000000000000000e+00,0.000000000000000000e+00,0.000000000000000000e+00,0.000000000000000000e+00,0.000000000000000000e+00,0.000000000000000000e+00,0.000000000000000000e+00,5.000000000000000000e+00,5.000000000000000000e+00,1.000000000000000000e+01
8.399999999999999689e-01,-8.452359401536716177e+03,-3.741441173398254705e+02,2.441786871848604790e+02,-1.592011236271925582e-03,8.382887712498945376e-01,7.490023471812676803e+00,1.738632019428320019e-01,5.051792333423964498e-01,2.929865969218635180e-01,2.967728875627666518e-01,0.000000000000000000e+00,0.000000000000000000e+00,0.000000000000000000e+00,0.000000000000000000e+00,0.000000000000000000e+00,0.000000000000000000e+00,0.000000000000000000e+00,0.000000000000000000e+00,0.000000000000000000e+00,0.000000000000000000e+00,0.000000000000000000e+00,5.000000000000000000e+00,5.000000000000000000e+00,1.000000000000000000e+01
8.499999999999999778e-01,-8.629582292903982307e+03,-3.786982635954738612e+02,2.523176298309403478e+02,-1.335071067176908741e-03,8.491894895297497081e-01,7.418025038933955706e+00,1.738632019428320019e-01,5.051792333423964498e-01,2.929865969218635180e-01,2.967728875627666518e-01,0.000000000000000000e+00,0.000000000000000000e+00,0.000000000000000000e+00,0.000000000000000000e+00,0.000000000000000000e+00,0.000000000000000000e+00,0.000000000000000000e+00,0.000000000000000000e+00,0.000000000000000000e+00,0.000000000000000000e+00,0.000000000000000000e+00,5.000000000000000000e+00,5.000000000000000000e+00,1.000000000000000000e+01
8.599999999999999867e-01,-8.807243245994417521e+03,-3.833738336771943978e+02,2.604736705489554538e+02,-1.116912936719585431e-03,8.605140997161376815e-01,7.346564225722545416e+00,1.738632019428320019e-01,5.051792333423964498e-01,2.929865969218635180e-01,2.967728875627666518e-01,0.000000000000000000e+00,0.000000000000000000e+00,0.000000000000000000e+00,0.000000000000000000e+00,0.000000000000000000e+00,0.000000000000000000e+00,0.000000000000000000e+00,0.000000000000000000e+00,0.000000000000000000e+00,0.000000000000000000e+00,0.000000000000000000e+00,5.000000000000000000e+00,5.000000000000000000e+00,1.000000000000000000e+01
8.699999999999999956e-01,-8.985335409208528290e+03,-3.879272714922369119e+02,2.686184597274735211e+02,-7.655923814463192444e-04,8.712883133164011085e-01,7.272650322750725316e+00,1.738632019428320019e-01,5.051792333423964498e-01,2.929865969218635180e-01,2.967728875627666518e-01,0.000000000000000000e+00,0.000000000000000000e+00,0.000000000000000000e+00,0.000000000000000000e+00,0.000000000000000000e+00,0.000000000000000000e+00,0.000000000000000000e+00,0.000000000000000000e+00,0.000000000000000000e+00,0.000000000000000000e+00,0.000000000000000000e+00,5.000000000000000000e+00,5.000000000000000000e+00,1.000000000000000000e+01
8.800000000000000044e-01,-9.163864039173904530e+03,-3.926032173232246691e+02,2.767693782243303531e+02,-6.669802235735114437e-04,8.827083408374037932e-01,7.199172010537223443e+00,1.738632019428320019e-01,5.051792333423964498e-01,2.929865969218635180e-01,2.967728875627666518e-01,0.000000000000000000e+00,0.000000000000000000e+00,0.000000000000000000e+00,0.000000000000000000e+00,0.000000000000000000e+00,0.000000000000000000e+00,0.000000000000000000e+00,0.000000000000000000e+00,0.000000000000000000e+00,0.000000000000000000e+00,0.000000000000000000e+00,5.000000000000000000e+00,5.000000000000000000e+00,1.000000000000000000e+01
8.900000000000000133e-01,-9.342826540543403098e+03,-3.971565003884787188e+02,2.849185541068029011e+02,-1.792269714791570965e-04,8.934151680102491166e-01,7.123361017758042202e+00,1.738632019428320019e-01,5.051792333423964498e-01,2.929865969218635180e-01,2.967728875627666518e-01,0.000000000000000000e+00,0.000000000000000000e+00,0.000000000000000000e+00,0.000000000000000000e+00,0.000000000000000000e+00,0.000000000000000000e+00,0.000000000000000000e+00,0.000000000000000000e+00,0.000000000000000000e+00,0.000000000000000000e+00,0.000000000000000000e+00,5.000000000000000000e+00,5.000000000000000000e+00,1.000000000000000000e+01
9.000000000000000222e-01,-9.522222191021161052e+03,-4.018324729846921173e+02,2.930658142587276416e+02,-2.275728810196495913e-04,9.048679434490703999e-01,7.047850686152107080e+00,1.738632019428320019e-01,5.051792333423964498e-01,2.929865969218635180e-01,2.967728875627666518e-01,0.000000000000000000e+00,0.000000000000000000e+00,0.000000000000000000e+00,0.000000000000000000e+00,0.000000000000000000e+00,0.000000000000000000e+00,0.000000000000000000e+00,0.000000000000000000e+00,0.000000000000000000e+00,0.000000000000000000e+00,0.000000000000000000e+00,5.000000000000000000e+00,5.000000000000000000e+00,1.000000000000000000e+01
9.100000000000000311e-01,-9.702055297148868704e+03,-4.063857859422603838e+02,3.012178765011177006e+02,4.114029294611616303e-04,9.155705924565192833e-01,6.970154981738199140e+00,1.738632019428320019e-01,5.051792333423964498e-01,2.929865969218635180e-01,2.967728875627666518e-01,0.000000000000000000e+00,0.000000000000000000e+00,0.000000000000000000e+00,0.000000000000000000e+00,0.000000000000000000e+00,0.000000000000000000e+00,0.000000000000000000e+00,0.000000000000000000e+00,0.000000000000000000e+00,0.000000000000000000e+00,0.000000000000000000e+00,5.000000000000000000e+00,5.000000000000000000e+00,1.000000000000000000e+01
9.200000000000000400e-01,-9.882318183114164640e+03,-4.110617227951584027e+02,3.093631256397125640e+02,2.142747544243562945e-04,9.269956344877081644e-01,6.892602513943640652e+00,1.738632019428320019e-01,5.051792333423964498e-01,2.929865969218635180e-01,2.967728875627666518e-01,0.000000000000000000e+00,0.000000000000000000e+00,0.000000000000000000e+00,0.000000000000000000e+00,0.000000000000000000e+00,0.000000000000000000e+00,0.000000000000000000e+00,0.000000000000000000e+00,0.000000000000000000e+00,0.000000000000000000e+00,0.000000000000000000e+00,5.000000000000000000e+00,5.000000000000000000e+00,1.000000000000000000e+01
9.300000000000000488e-01,-1.006302115051600958e+04,-4.156150484014196422e+02,3.175162003219058988e+02,9.961756919299998101e-04,9.377505654982094541e-01,6.813031554797531086e+00,1.738632019428320019e-01,5.051792333423964498e-01,2.929865969218635180e-01,2.967728875627666518e-01,0.000000000000000000e+00,0.000000000000000000e+00,0.000000000000000000e+00,0.000000000000000000e+00,0.000000000000000000e+00,0.000000000000000000e+00,0.000000000000000000e+00,0.000000000000000000e+00,0.000000000000000000e+00,0.000000000000000000e+00,0.000000000000000000e+00,5.000000000000000000e+00,5.000000000000000000e+00,1.000000000000000000e+01
9.400000000000000577e-01,-1.024415274123682866e+04,-4.202910046024331905e+02,3.256617591829800062e+02,6.680500872001752513e-04,9.490979316545297140e-01,6.733428324583759839e+00,1.738632019428320019e-01,5.051792333423964498e-01,2.929865969218635180e-01,2.967728875627666518e-01,0.000000000000000000e+00,0.000000000000000000e+00,0.000000000000000000e+00,0.000000000000000000e+00,0.000000000000000000e+00,0.000000000000000000e+00,0.000000000000000000e+00,0.000000000000000000e+00,0.000000000000000000e+00,0.000000000000000000e+00,0.000000000000000000e+00,5.000000000000000000e+00,5.000000000000000000e+00,1.000000000000000000e+01
9.500000000000000666e-01,-1.042572312661370233e+04,-4.248442926002595073e+02,3.338128136273158475e+02,1.568127367215971495e-03,9.599487604927174900e-01,6.651991181222791205e+00,1.738632019428320019e-01,5.051792333423964498e-01,2.929865969218635180e-01,2.967728875627666518e-01,0.000000000000000000e+00,0.000000000000000000e+00,0.000000000000000000e+00,0.000000000000000000e+00,0.000000000000000000e+00,0.000000000000000000e+00,0.000000000000000000e+00,0.000000000000000000e+00,0.000000000000000000e+00,0.000000000000000000e+00,0.000000000000000000e+00,5.000000000000000000e+00,5.000000000000000000e+00,1.000000000000000000e+01
9.599999999999999645e-01,-1.060772736389912279e+04,-4.295202712990386544e+02,3.419629707279522677e+02,1.139695742536676274e-03,9.711830338691667119e-01,6.570328042827933146e+00,1.738632019428320019e-01,5.051792333423964498e-01,2.929865969218635180e-01,2.967728875627666518e-01,0.000000000000000000e+00,0.000000000000000000e+00,0.000000000000000000e+00,0.000000000000000000e+00,0.000000000000000000e+00,0.000000000000000000e+00,0.000000000000000000e+00,0.000000000000000000e+00,0.000000000000000000e+00,0.000000000000000000e+00,0.000000000000000000e+00,5.000000000000000000e+00,5.000000000000000000e+00,1.000000000000000000e+01
9.699999999999999734e-01,-1.079015866409480623e+04,-4.340736077384054852e+02,3.501053924706571365e+02,2.122948472185106055e-03,9.821578825796309919e-01,6.487034722559491762e+00,1.738632019428320019e-01,5.051792333423964498e-01,2.929865969218635180e-01,2.967728875627666518e-01,0.000000000000000000e+00,0.000000000000000000e+00,0.000000000000000000e+00,0.000000000000000000e+00,0.000000000000000000e+00,0.000000000000000000e+00,0.000000000000000000e+00,0.000000000000000000e+00,0.000000000000000000e+00,0.000000000000000000e+00,0.000000000000000000e+00,5.000000000000000000e+00,5.000000000000000000e+00,1.000000000000000000e+01
9.799999999999999822e-01,-1.097304675635741660e+04,-4.387493917453135168e+02,3.582712418766159317e+02,1.632223440974062958e-03,9.932598087025339417e-01,6.403301479363022963e+00,1.738632019428320019e-01,5.051792333423964498e-01,2.929865969218635180e-01,2.967728875627666518e-01,0.000000000000000000e+00,0.000000000000000000e+00,0.000000000000000000e+00,0.000000000000000000e+00,0.000000000000000000e+00,0.000000000000000000e+00,0.000000000000000000e+00,0.000000000000000000e+00,0.000000000000000000e+00,0.000000000000000000e+00,0.000000000000000000e+00,5.000000000000000000e+00,5.000000000000000000e+00,1.000000000000000000e+01
9.899999999999999911e-01,-1.115631633225838959e+04,-4.433031697344510462e+02,3.663827319448918729e+02,2.658507784815781864e-03,1.004369917287827985e+00,6.318162547470176804e+00,1.738632019428320019e-01,5.051792333423964498e-01,2.929865969218635180e-01,2.967728875627666518e-01,0.000000000000000000e+00,0.000000000000000000e+00,0.000000000000000000e+00,0.000000000000000000e+00,0.000000000000000000e+00,0.000000000000000000e+00,0.000000000000000000e+00,0.000000000000000000e+00,0.000000000000000000e+00,0.000000000000000000e+00,0.000000000000000000e+00,5.000000000000000000e+00,5.000000000000000000e+00,1.000000000000000000e+01
1.000000000000000000e+00,-1.134014515962245969e+04,-4.479781611972725273e+02,3.746205992480833515e+02,2.145908955699347108e-03,1.015337601652407828e+00,6.232349300196551312e+00,1.738632019428320019e-01,5.051792333423964498e-01,2.929865969218635180e-01,2.967728875627666518e-01,0.000000000000000000e+00,0.000000000000000000e+00,0.000000000000000000e+00,0.000000000000000000e+00,0.000000000000000000e+00,0.000000000000000000e+00,0.000000000000000000e+00,0.000000000000000000e+00,0.000000000000000000e+00,0.000000000000000000e+00,0.000000000000000000e+00,5.000000000000000000e+00,5.000000000000000000e+00,1.000000000000000000e+01
1.010000000000000009e+00,-1.152390297135897708e+04,-4.525332620043906218e+02,3.823518934714489319e+02,3.175246460908831558e-03,1.026576049504209998e+00,6.145373498374900656e+00,1.738632019428320019e-01,5.051792333423964498e-01,2.929865969218635180e-01,2.967728875627666518e-01,0.000000000000000000e+00,0.000000000000000000e+00,0.000000000000000000e+00,0.000000000000000000e+00,0.000000000000000000e+00,0.000000000000000000e+00,0.000000000000000000e+00,0.000000000000000000e+00,0.000000000000000000e+00,0.000000000000000000e+00,0.000000000000000000e+00,5.000000000000000000e+00,5.000000000000000000e+00,1.000000000000000000e+01
1.020000000000000018e+00,-1.170774513415866932e+04,-4.572064567796370511e+02,3.897334130034479358e+02,2.677625583601354192e-03,1.037425831021869138e+00,6.057474013072690511e+00,1.738632019428320019e-01,5.051792333423964498e-01,2.929865969218635180e-01,2.967728875627666518e-01,0.000000000000000000e+00,0.000000000000000000e+00,0.000000000000000000e+00,0.000000000000000000e+00,0.000000000000000000e+00,0.000000000000000000e+00,0.000000000000000000e+00,0.000000000000000000e+00,0.000000000000000000e+00,0.000000000000000000e+00,0.000000000000000000e+00,5.000000000000000000e+00,5.000000000000000000e+00,1.000000000000000000e+01
1.030000000000000027e+00,-1.189175017001560809e+04,-4.617639905164846823e+02,3.968446271700628927e+02,3.677282989124262130e-03,1.048767544974247734e+00,5.968664120976770349e+00,1.738632019428320019e-01,5.051792333423964498e-01,2.929865969218635180e-01,2.967728875627666518e-01,0.000000000000000000e+00,0.000000000000000000e+00,0.000000000000000000e+00,0.000000000000000000e+00,0.000000000000000000e+00,0.000000000000000000e+00,0.000000000000000000e+00,0.000000000000000000e+00,0.000000000000000000e+00,0.000000000000000000e+00,0.000000000000000000e+00,5.000000000000000000e+00,5.000000000000000000e+00,1.000000000000000000e+01
1.040000000000000036e+00,-1.207560121626559339e+04,-4.664341803408149758e+02,4.033641386139379961e+02,3.220310251171796135e-03,1.059532058015480116e+00,5.878679970298503754e+00,1.738632019428320019e-01,5.051792333423964498e-01,2.929865969218635180e-01,2.967728875627666518e-01,0.000000000000000000e+00,0.000000000000000000e+00,0.000000000000000000e+00,0.000000000000000000e+00,0.000000000000000000e+00,0.000000000000000000e+00,0.000000000000000000e+00,0.000000000000000000e+00,0.000000000000000000e+00,0.000000000000000000e+00,0.000000000000000000e+00,5.000000000000000000e+00,5.000000000000000000e+00,1.000000000000000000e+01
1.050000000000000044e+00,-1.226018275700474987e+04,-4.709951858732670757e+02,4.101857953371703047e+02,4.172293601639421104e-03,1.070938370929605643e+00,5.788029475266746715e+00,1.738632019428320019e-01,5.051792333423964498e-01,2.929865969218635180e-01,2.967728875627666518e-01,0.000000000000000000e+00,0.000000000000000000e+00,0.000000000000000000e+00,0.000000000000000000e+00,0.000000000000000000e+00,0.000000000000000000e+00,0.000000000000000000e+00,0.000000000000000000e+00,0.000000000000000000e+00,0.000000000000000000e+00,0.000000000000000000e+00,5.000000000000000000e+00,5.000000000000000000e+00,1.000000000000000000e+01
1.060000000000000053e+00,-1.244497233468752347e+04,-4.756608837594279180e+02,4.167716313068542604e+02,3.764079392678302237e-03,1.081659560681849541e+00,5.695973012644673261e+00,1.738632019428320019e-01,5.051792333423964498e-01,2.929865969218635180e-01,2.967728875627666518e-01,0.000000000000000000e+00,0.000000000000000000e+00,0.000000000000000000e+00,0.000000000000000000e+00,0.000000000000000000e+00,0.000000000000000000e+00,0.000000000000000000e+00,0.000000000000000000e+00,0.000000000000000000e+00,0.000000000000000000e+00,0.000000000000000000e+00,5.000000000000000000e+00,5.000000000000000000e+00,1.000000000000000000e+01
1.070000000000000062e+00,-1.263038539980343921e+04,-4.802270267006543918e+02,4.235601189261242894e+02,4.670012181529336996e-03,1.093087277036175919e+00,5.603462935121767075e+00,1.738632019428320019e-01,5.051792333423964498e-01,2.929865969218635180e-01,2.967728875627666518e-01,0.000000000000000000e+00,0.000000000000000000e+00,0.000000000000000000e+00,0.000000000000000000e+00,0.000000000000000000e+00,0.000000000000000000e+00,0.000000000000000000e+00,0.000000000000000000e+00,0.000000000000000000e+00,0.000000000000000000e+00,0.000000000000000000e+00,5.000000000000000000e+00,5.000000000000000000e+00,1.000000000000000000e+01
1.080000000000000071e+00,-1.281606492793410143e+04,-4.848860979173263672e+02,4.301622356576449420e+02,4.298513204986685945e-03,1.103805767545514405e+00,5.509360796743111521e+00,1.738632019428320019e-01,5.051792333423964498e-01,2.929865969218635180e-01,2.967728875627666518e-01,0.000000000000000000e+00,0.000000000000000000e+00,0.000000000000000000e+00,0.000000000000000000e+00,0.000000000000000000e+00,0.000000000000000000e+00,0.000000000000000000e+00,0.000000000000000000e+00,0.000000000000000000e+00,0.000000000000000000e+00,0.000000000000000000e+00,5.000000000000000000e+00,5.000000000000000000e+00,1.000000000000000000e+01
1.090000000000000080e+00,-1.300232999284646939e+04,-4.894599357444110410e+02,4.369395584998579807e+02,5.179714253950363535e-03,1.115219014191213054e+00,5.414955589334352837e+00,1.738632019428320019e-01,5.051792333423964498e-01,2.929865969218635180e-01,2.967728875627666518e-01,0.000000000000000000e+00,0.000000000000000000e+00,0.000000000000000000e+00,0.000000000000000000e+00,0.000000000000000000e+00,0.000000000000000000e+00,0.000000000000000000e+00,0.000000000000000000e+00,0.000000000000000000e+00,0.000000000000000000e+00,0.000000000000000000e+00,5.000000000000000000e+00,5.000000000000000000e+00,1.000000000000000000e+01
1.100000000000000089e+00,-1.318889126841358848e+04,-4.941096058295530611e+02,4.435482732314706027e+02,4.816104994687031397e-03,1.125961373572128998e+00,5.318852415224064600e+00,1.738632019428320019e-01,5.051792333423964498e-01,2.929865969218635180e-01,2.967728875627666518e-01,0.000000000000000000e+00,0.000000000000000000e+00,0.000000000000000000e+00,0.000000000000000000e+00,0.000000000000000000e+00,0.000000000000000000e+00,0.000000000000000000e+00,0.000000000000000000e+00,0.000000000000000000e+00,0.000000000000000000e+00,0.000000000000000000e+00,5.000000000000000000e+00,5.000000000000000000e+00,1.000000000000000000e+01
1.110000000000000098e+00,-1.337601258260364011e+04,-4.986941281014708807e+02,4.503200425474979056e+02,5.705855064042456362e-03,1.137344781878192101e+00,5.222497777117879991e+00,1.738632019428320019e-01,5.051792333423964498e-01,2.929865969218635180e-01,2.967728875627666518e-01,0.000000000000000000e+00,0.000000000000000000e+00,0.000000000000000000e+00,0.000000000000000000e+00,0.000000000000000000e+00,0.000000000000000000e+00,0.000000000000000000e+00,0.000000000000000000e+00,0.000000000000000000e+00,0.000000000000000000e+00,0.000000000000000000e+00,5.000000000000000000e+00,5.000000000000000000e+00,1.000000000000000000e+01
1.120000000000000107e+00,-1.356345432211716798e+04,-5.033312916843780727e+02,4.569329697364992739e+02,5.317248088819105829e-03,1.148111669520820888e+00,5.124456552743061444e+00,1.738632019428320019e-01,5.051792333423964498e-01,2.929865969218635180e-01,2.967728875627666518e-01,0.000000000000000000e+00,0.000000000000000000e+00,0.000000000000000000e+00,0.000000000000000000e+00,0.000000000000000000e+00,0.000000000000000000e+00,0.000000000000000000e+00,0.000000000000000000e+00,0.000000000000000000e+00,0.000000000000000000e+00,0.000000000000000000e+00,5.000000000000000000e+00,5.000000000000000000e+00,1.000000000000000000e+01
1.130000000000000115e+00,-1.375143221641929631e+04,-5.079296393611197118e+02,4.637002385922156691e+02,6.243087498695308601e-03,1.159479137979482211e+00,5.026081499159406718e+00,1.738632019428320019e-01,5.051792333423964498e-01,2.929865969218635180e-01,2.967728875627666518e-01,0.000000000000000000e+00,0.000000000000000000e+00,0.000000000000000000e+00,0.000000000000000000e+00,0.000000000000000000e+00,0.000000000000000000e+00,0.000000000000000000e+00,0.000000000000000000e+00,0.000000000000000000e+00,0.000000000000000000e+00,0.000000000000000000e+00,5.000000000000000000e+00,5.000000000000000000e+00,1.000000000000000000e+01
1.140000000000000124e+00,-1.393975506835507804e+04,-5.125512838802733313e+02,4.703178640662031285e+02,5.814465307962092891e-03,1.170242028593527994e+00,4.926178464791472145e+00,1.738632019428320019e-01,5.051792333423964498e-01,2.929865969218635180e-01,2.967728875627666518e-01,0.000000000000000000e+00,0.000000000000000000e+00,0.000000000000000000e+00,0.000000000000000000e+00,0.000000000000000000e+00,0.000000000000000000e+00,0.000000000000000000e+00,0.000000000000000000e+00,0.000000000000000000e+00,0.000000000000000000e+00,0.000000000000000000e+00,5.000000000000000000e+00,5.000000000000000000e+00,1.000000000000000000e+01
1.150000000000000133e+00,-1.412858887317039989e+04,-5.171662285310583229e+02,4.770793935713513179e+02,6.773740754431268642e-03,1.181632576290701397e+00,4.825703858827825599e+00,1.738632019428320019e-01,5.051792333423964498e-01,2.929865969218635180e-01,2.967728875627666518e-01,0.000000000000000000e+00,0.000000000000000000e+00,0.000000000000000000e+00,0.000000000000000000e+00,0.000000000000000000e+00,0.000000000000000000e+00,0.000000000000000000e+00,0.000000000000000000e+00,0.000000000000000000e+00,0.000000000000000000e+00,0.000000000000000000e+00,5.000000000000000000e+00,5.000000000000000000e+00,1.000000000000000000e+01
1.159999999999999920e+00,-1.431779360432690555e+04,-5.217700806737373114e+02,4.837039777793524991e+02,6.332029234105324839e-03,1.192347192935568012e+00,4.724016276309927598e+00,1.738632019428320019e-01,5.051792333423964498e-01,2.929865969218635180e-01,2.967728875627666518e-01,0.000000000000000000e+00,0.000000000000000000e+00,0.000000000000000000e+00,0.000000000000000000e+00,0.000000000000000000e+00,0.000000000000000000e+00,0.000000000000000000e+00,0.000000000000000000e+00,0.000000000000000000e+00,0.000000000000000000e+00,0.000000000000000000e+00,5.000000000000000000e+00,5.000000000000000000e+00,1.000000000000000000e+01
1.169999999999999929e+00,-1.450748308921723037e+04,-5.264032732083016981e+02,4.904569068201938649e+02,7.271831206578005871e-03,1.203801727465315219e+00,4.621370718824119983e+00,1.738632019428320019e-01,5.051792333423964498e-01,2.929865969218635180e-01,2.967728875627666518e-01,0.000000000000000000e+00,0.000000000000000000e+00,0.000000000000000000e+00,0.000000000000000000e+00,0.000000000000000000e+00,0.000000000000000000e+00,0.000000000000000000e+00,0.000000000000000000e+00,0.000000000000000000e+00,0.000000000000000000e+00,0.000000000000000000e+00,5.000000000000000000e+00,5.000000000000000000e+00,1.000000000000000000e+01
1.179999999999999938e+00,-1.469756939750599122e+04,-5.309886381203471046e+02,4.970920654300401225e+02,6.897369535941738454e-03,1.214440455428448251e+00,4.517957723128293246e+00,1.738632019428320019e-01,5.051792333423964498e-01,2.929865969218635180e-01,2.967728875627666518e-01,0.000000000000000000e+00,0.000000000000000000e+00,0.000000000000000000e+00,0.000000000000000000e+00,0.000000000000000000e+00,0.000000000000000000e+00,0.000000000000000000e+00,0.000000000000000000e+00,0.000000000000000000e+00,0.000000000000000000e+00,0.000000000000000000e+00,5.000000000000000000e+00,5.000000000000000000e+00,1.000000000000000000e+01
1.189999999999999947e+00,-1.488811584600928472e+04,-5.356397027032928690e+02,5.038322672415501415e+02,7.715885485521205289e-03,1.225962912637171387e+00,4.413099100935106378e+00,1.738632019428320019e-01,5.051792333423964498e-01,2.929865969218635180e-01,2.967728875627666518e-01,0.000000000000000000e+00,0.000000000000000000e+00,0.000000000000000000e+00,0.000000000000000000e+00,0.000000000000000000e+00,0.000000000000000000e+00,0.000000000000000000e+00,0.000000000000000000e+00,0.000000000000000000e+00,0.000000000000000000e+00,0.000000000000000000e+00,5.000000000000000000e+00,5.000000000000000000e+00,1.000000000000000000e+01
1.199999999999999956e+00,-1.507908141421731852e+04,-5.402083688275719169e+02,5.104826157666862514e+02,7.524302320897019968e-03,1.236555483172108838e+00,4.307979104883190580e+00,1.738632019428320019e-01,5.051792333423964498e-01,2.929865969218635180e-01,2.967728875627666518e-01,0.000000000000000000e+00,0.000000000000000000e+00,0.000000000000000000e+00,0.000000000000000000e+00,0.000000000000000000e+00,0.000000000000000000e+00,0.000000000000000000e+00,0.000000000000000000e+00,0.000000000000000000e+00,0.000000000000000000e+00,0.000000000000000000e+00,5.000000000000000000e+00,5.000000000000000000e+00,1.000000000000000000e+01
1.209999999999999964e+00,-1.527048842546058768e+04,-5.448740313959636978e+02,5.172051453606250107e+02,8.107421321761202823e-03,1.248076858181287774e+00,4.200916399724762940e+00,1.738632019428320019e-01,5.051792333423964498e-01,2.929865969218635180e-01,2.967728875627666518e-01,0.000000000000000000e+00,0.000000000000000000e+00,0.000000000000000000e+00,0.000000000000000000e+00,0.000000000000000000e+00,0.000000000000000000e+00,0.000000000000000000e+00,0.000000000000000000e+00,0.000000000000000000e+00,0.000000000000000000e+00,0.000000000000000000e+00,5.000000000000000000e+00,5.000000000000000000e+00,1.000000000000000000e+01
1.219999999999999973e+00,-1.546232833403262339e+04,-5.494309936241979813e+02,5.238757502744364274e+02,8.195011733423079522e-03,1.258733681173296537e+00,4.094048379256628678e+00,1.738632019428320019e-01,5.051792333423964498e-01,2.929865969218635180e-01,2.967728875627666518e-01,0.000000000000000000e+00,0.000000000000000000e+00,0.000000000000000000e+00,0.000000000000000000e+00,0.000000000000000000e+00,0.000000000000000000e+00,0.000000000000000000e+00,0.000000000000000000e+00,0.000000000000000000e+00,0.000000000000000000e+00,0.000000000000000000e+00,5.000000000000000000e+00,5.000000000000000000e+00,1.000000000000000000e+01
1.229999999999999982e+00,-1.565460211215360323e+04,-5.541045648656593130e+02,5.305755973369325602e+02,8.484525697046812337e-03,1.270109206659654433e+00,3.984854770417435521e+00,1.738632019428320019e-01,5.051792333423964498e-01,2.929865969218635180e-01,2.967728875627666518e-01,0.000000000000000000e+00,0.000000000000000000e+00,0.000000000000000000e+00,0.000000000000000000e+00,0.000000000000000000e+00,0.000000000000000000e+00,0.000000000000000000e+00,0.000000000000000000e+00,0.000000000000000000e+00,0.000000000000000000e+00,0.000000000000000000e+00,5.000000000000000000e+00,5.000000000000000000e+00,1.000000000000000000e+01
1.239999999999999991e+00,-1.584730894661099228e+04,-5.586582058092569696e+02,5.372710644713972670e+02,8.854331478245137943e-03,1.280996796677959404e+00,3.876133463888278730e+00,1.738632019428320019e-01,5.051792333423964498e-01,2.929865969218635180e-01,2.967728875627666518e-01,0.000000000000000000e+00,0.000000000000000000e+00,0.000000000000000000e+00,0.000000000000000000e+00,0.000000000000000000e+00,0.000000000000000000e+00,0.000000000000000000e+00,0.000000000000000000e+00,0.000000000000000000e+00,0.000000000000000000e+00,0.000000000000000000e+00,5.000000000000000000e+00,5.000000000000000000e+00,1.000000000000000000e+01
1.250000000000000000e+00,-1.604045769111151276e+04,-5.633298302993684956e+02,5.439443470554338091e+02,8.915898020549090433e-03,1.292061236268207569e+00,3.764940569950733895e+00,1.738632019428320019e-01,5.051792333423964498e-01,2.929865969218635180e-01,2.967728875627666518e-01,0.000000000000000000e+00,0.000000000000000000e+00,0.000000000000000000e+00,0.000000000000000000e+00,0.000000000000000000e+00,0.000000000000000000e+00,0.000000000000000000e+00,0.000000000000000000e+00,0.000000000000000000e+00,0.000000000000000000e+00,0.000000000000000000e+00,5.000000000000000000e+00,5.000000000000000000e+00,1.000000000000000000e+01
1.260000000000000009e+00,-1.623402276097842514e+04,-5.678911551315458155e+02,5.506674270049080633e+02,9.429521640918932246e-03,1.303317330356326798e+00,3.654214600283064218e+00,1.738632019428320019e-01,5.051792333423964498e-01,2.929865969218635180e-01,2.967728875627666518e-01,0.000000000000000000e+00,0.000000000000000000e+00,0.000000000000000000e+00,0.000000000000000000e+00,0.000000000000000000e+00,0.000000000000000000e+00,0.000000000000000000e+00,0.000000000000000000e+00,0.000000000000000000e+00,0.000000000000000000e+00,0.000000000000000000e+00,5.000000000000000000e+00,5.000000000000000000e+00,1.000000000000000000e+01
1.270000000000000018e+00,-1.642805478137364116e+04,-5.725492056081404826e+02,5.573130744441167508e+02,9.466978569493489717e-03,1.313991687635938321e+00,3.541181507566844910e+00,1.738632019428320019e-01,5.051792333423964498e-01,2.929865969218635180e-01,2.967728875627666518e-01,0.000000000000000000e+00,0.000000000000000000e+00,0.000000000000000000e+00,0.000000000000000000e+00,0.000000000000000000e+00,0.000000000000000000e+00,0.000000000000000000e+00,0.000000000000000000e+00,0.000000000000000000e+00,0.000000000000000000e+00,0.000000000000000000e+00,5.000000000000000000e+00,5.000000000000000000e+00,1.000000000000000000e+01
1.280000000000000027e+00,-1.662247077370314946e+04,-5.771298355271698028e+02,5.640627401306661568e+02,9.875649449802438584e-03,1.325610761991132369e+00,3.428296456813399118e+00,1.738632019428320019e-01,5.051792333423964498e-01,2.929865969218635180e-01,2.967728875627666518e-01,0.000000000000000000e+00,0.000000000000000000e+00,0.000000000000000000e+00,0.000000000000000000e+00,0.000000000000000000e+00,0.000000000000000000e+00,0.000000000000000000e+00,0.000000000000000000e+00,0.000000000000000000e+00,0.000000000000000000e+00,0.000000000000000000e+00,5.000000000000000000e+00,5.000000000000000000e+00,1.000000000000000000e+01
1.290000000000000036e+00,-1.681739116652624216e+04,-5.817635833099991487e+02,5.706846015434315404e+02,1.014901724213179007e-02,1.336004576408484468e+00,3.313557282252098002e+00,1.738632019428320019e-01,5.051792333423964498e-01,2.929865969218635180e-01,2.967728875627666518e-01,0.000000000000000000e+00,0.000000000000000000e+00,0.000000000000000000e+00,0.000000000000000000e+00,0.000000000000000000e+00,0.000000000000000000e+00,0.000000000000000000e+00,0.000000000000000000e+00,0.000000000000000000e+00,0.000000000000000000e+00,0.000000000000000000e+00,5.000000000000000000e+00,5.000000000000000000e+00,1.000000000000000000e+01
1.300000000000000044e+00,-1.701265623377823431e+04,-5.863725588488911171e+02,5.774536743702512922e+02,1.022335917236213282e-02,1.347770722354413309e+00,3.198413029596312018e+00,1.738632019428320019e-01,5.051792333423964498e-01,2.929865969218635180e-01,2.967728875627666518e-01,0.000000000000000000e+00,0.000000000000000000e+00,0.000000000000000000e+00,0.000000000000000000e+00,0.000000000000000000e+00,0.000000000000000000e+00,0.000000000000000000e+00,0.000000000000000000e+00,0.000000000000000000e+00,0.000000000000000000e+00,0.000000000000000000e+00,5.000000000000000000e+00,5.000000000000000000e+00,1.000000000000000000e+01
1.310000000000000053e+00,-1.720846235841406815e+04,-5.909757512627476217e+02,5.840629080027116515e+02,1.088524877362029644e-02,1.358191888059495867e+00,3.082020913462795164e+00,1.738632019428320019e-01,5.051792333423964498e-01,2.929865969218635180e-01,2.967728875627666518e-01,0.000000000000000000e+00,0.000000000000000000e+00,0.000000000000000000e+00,0.000000000000000000e+00,0.000000000000000000e+00,0.000000000000000000e+00,0.000000000000000000e+00,0.000000000000000000e+00,0.000000000000000000e+00,0.000000000000000000e+00,0.000000000000000000e+00,5.000000000000000000e+00,5.000000000000000000e+00,1.000000000000000000e+01
1.320000000000000062e+00,-1.740458515282964072e+04,-5.956157982675929361e+02,5.908354069916940716e+02,1.058807769961871321e-02,1.369742242315663328e+00,2.964618794822079462e+00,1.738632019428320019e-01,5.051792333423964498e-01,2.929865969218635180e-01,2.967728875627666518e-01,0.000000000000000000e+00,0.000000000000000000e+00,0.000000000000000000e+00,0.000000000000000000e+00,0.000000000000000000e+00,0.000000000000000000e+00,0.000000000000000000e+00,0.000000000000000000e+00,0.000000000000000000e+00,0.000000000000000000e+00,0.000000000000000000e+00,5.000000000000000000e+00,5.000000000000000000e+00,1.000000000000000000e+01
1.330000000000000071e+00,-1.760126146800060087e+04,-6.001901120463878669e+02,5.974531619455736973e+02,1.153454263842130026e-02,1.380555633867586618e+00,2.846515239819211729e+00,1.738632019428320019e-01,5.051792333423964498e-01,2.929865969218635180e-01,2.967728875627666518e-01,0.000000000000000000e+00,0.000000000000000000e+00,0.000000000000000000e+00,0.000000000000000000e+00,0.000000000000000000e+00,0.000000000000000000e+00,0.000000000000000000e+00,0.000000000000000000e+00,0.000000000000000000e+00,0.000000000000000000e+00,0.000000000000000000e+00,5.000000000000000000e+00,5.000000000000000000e+00,1.000000000000000000e+01
1.340000000000000080e+00,-1.779826647523328938e+04,-6.048547422935092754e+02,6.042012301216285550e+02,1.111066750372223522e-02,1.391588404163977000e+00,2.726965066543403537e+00,1.738632019428320019e-01,5.051792333423964498e-01,2.929865969218635180e-01,2.967728875627666518e-01,0.000000000000000000e+00,0.000000000000000000e+00,0.000000000000000000e+00,0.000000000000000000e+00,0.000000000000000000e+00,0.000000000000000000e+00,0.000000000000000000e+00,0.000000000000000000e+00,0.000000000000000000e+00,0.000000000000000000e+00,0.000000000000000000e+00,5.000000000000000000e+00,5.000000000000000000e+00,1.000000000000000000e+01
1.350000000000000089e+00,-1.799577853738913473e+04,-6.094115204272625306e+02,6.108628441790980332e+02,1.198217178066596049e-02,1.402969442815422907e+00,2.607001105882352565e+00,1.738632019428320019e-01,5.051792333423964498e-01,2.929865969218635180e-01,2.967728875627666518e-01,0.000000000000000000e+00,0.000000000000000000e+00,0.000000000000000000e+00,0.000000000000000000e+00,0.000000000000000000e+00,0.000000000000000000e+00,0.000000000000000000e+00,0.000000000000000000e+00,0.000000000000000000e+00,0.000000000000000000e+00,0.000000000000000000e+00,5.000000000000000000e+00,5.000000000000000000e+00,1.000000000000000000e+01
1.360000000000000098e+00,-1.819371348828269402e+04,-6.140848048207276406e+02,6.175403544027224143e+02,1.184878085998039392e-02,1.413484748094318677e+00,2.485470545020559197e+00,1.738632019428320019e-01,5.051792333423964498e-01,2.929865969218635180e-01,2.967728875627666518e-01,0.000000000000000000e+00,0.000000000000000000e+00,0.000000000000000000e+00,0.000000000000000000e+00,0.000000000000000000e+00,0.000000000000000000e+00,0.000000000000000000e+00,0.000000000000000000e+00,0.000000000000000000e+00,0.000000000000000000e+00,0.000000000000000000e+00,5.000000000000000000e+00,5.000000000000000000e+00,1.000000000000000000e+01
1.370000000000000107e+00,-1.839199347734364710e+04,-6.186434224428502375e+02,6.243098288272723266e+02,1.224624871927423170e-02,1.425236593937825536e+00,2.363483243065552575e+00,1.738632019428320019e-01,5.051792333423964498e-01,2.929865969218635180e-01,2.967728875627666518e-01,0.000000000000000000e+00,0.000000000000000000e+00,0.000000000000000000e+00,0.000000000000000000e+00,0.000000000000000000e+00,0.000000000000000000e+00,0.000000000000000000e+00,0.000000000000000000e+00,0.000000000000000000e+00,0.000000000000000000e+00,0.000000000000000000e+00,5.000000000000000000e+00,5.000000000000000000e+00,1.000000000000000000e+01
1.380000000000000115e+00,-1.859096334343304625e+04,-6.233039455405914850e+02,6.308172182328088411e+02,1.269856529634309263e-02,1.435610360667621377e+00,2.240104401188592220e+00,1.738632019428320019e-01,5.051792333423964498e-01,2.929865969218635180e-01,2.967728875627666518e-01,0.000000000000000000e+00,0.000000000000000000e+00,0.000000000000000000e+00,0.000000000000000000e+00,0.000000000000000000e+00,0.000000000000000000e+00,0.000000000000000000e+00,0.000000000000000000e+00,0.000000000000000000e+00,0.000000000000000000e+00,0.000000000000000000e+00,5.000000000000000000e+00,5.000000000000000000e+00,1.000000000000000000e+01
1.390000000000000124e+00,-1.878978523204262092e+04,-6.278860055530830095e+02,6.379144211456087987e+02,1.250418780434358820e-02,1.447235307343928801e+00,2.116014049266591979e+00,1.738632019428320019e-01,5.051792333423964498e-01,2.929865969218635180e-01,2.967728875627666518e-01,0.000000000000000000e+00,0.000000000000000000e+00,0.000000000000000000e+00,0.000000000000000000e+00,0.000000000000000000e+00,0.000000000000000000e+00,0.000000000000000000e+00,0.000000000000000000e+00,0.000000000000000000e+00,0.000000000000000000e+00,0.000000000000000000e+00,5.000000000000000000e+00,5.000000000000000000e+00,1.000000000000000000e+01
1.400000000000000133e+00,-1.899092191078325777e+04,-6.325150649253007487e+02,6.431256269745696272e+02,1.343728446156080940e-02,1.457993709436096186e+00,1.990800154647619280e+00,1.738632019428320019e-01,5.051792333423964498e-01,2.929865969218635180e-01,2.967728875627666518e-01,0.000000000000000000e+00,0.000000000000000000e+00,0.000000000000000000e+00,0.000000000000000000e+00,0.000000000000000000e+00,0.000000000000000000e+00,0.000000000000000000e+00,0.000000000000000000e+00,0.000000000000000000e+00,0.000000000000000000e+00,0.000000000000000000e+00,5.000000000000000000e+00,5.000000000000000000e+00,1.000000000000000000e+01
1.409999999999999920e+00,-1.919335663469361316e+04,-6.371364330820438227e+02,6.474751780355427400e+02,1.297812167542141716e-02,1.469046844269149776e+00,1.864664056480257681e+00,1.738632019428320019e-01,5.051792333423964498e-01,2.929865969218635180e-01,2.967728875627666518e-01,0.000000000000000000e+00,0.000000000000000000e+00,0.000000000000000000e+00,0.000000000000000000e+00,0.000000000000000000e+00,0.000000000000000000e+00,0.000000000000000000e+00,0.000000000000000000e+00,0.000000000000000000e+00,0.000000000000000000e+00,0.000000000000000000e+00,5.000000000000000000e+00,5.000000000000000000e+00,1.000000000000000000e+01
1.419999999999999929e+00,-1.939749878905490186e+04,-6.417248532403234549e+02,6.505535613657641534e+02,1.389447201114213729e-02,1.480447399213020487e+00,1.737497793380013533e+00,1.738632019428320019e-01,5.051792333423964498e-01,2.929865969218635180e-01,2.967728875627666518e-01,0.000000000000000000e+00,0.000000000000000000e+00,0.000000000000000000e+00,0.000000000000000000e+00,0.000000000000000000e+00,0.000000000000000000e+00,0.000000000000000000e+00,0.000000000000000000e+00,0.000000000000000000e+00,0.000000000000000000e+00,0.000000000000000000e+00,5.000000000000000000e+00,5.000000000000000000e+00,1.000000000000000000e+01
1.429999999999999938e+00,-1.960355266458343613e+04,-6.463848929965328125e+02,6.521504428386095924e+02,1.374085897098933397e-02,1.490931376778127371e+00,1.609469898206097094e+00,1.738632019428320019e-01,5.051792333423964498e-01,2.929865969218635180e-01,2.967728875627666518e-01,0.000000000000000000e+00,0.000000000000000000e+00,0.000000000000000000e+00,0.000000000000000000e+00,0.000000000000000000e+00,0.000000000000000000e+00,0.000000000000000000e+00,0.000000000000000000e+00,0.000000000000000000e+00,0.000000000000000000e+00,0.000000000000000000e+00,5.000000000000000000e+00,5.000000000000000000e+00,1.000000000000000000e+01
1.439999999999999947e+00,-1.980965343335353464e+04,-6.509453068920038277e+02,6.541380088437608720e+02,1.412082972983509307e-02,1.502691996014924758e+00,1.480207402942887329e+00,1.738632019428320019e-01,5.051792333423964498e-01,2.929865969218635180e-01,2.967728875627666518e-01,0.000000000000000000e+00,0.000000000000000000e+00,0.000000000000000000e+00,0.000000000000000000e+00,0.000000000000000000e+00,0.000000000000000000e+00,0.000000000000000000e+00,0.000000000000000000e+00,0.000000000000000000e+00,0.000000000000000000e+00,0.000000000000000000e+00,5.000000000000000000e+00,5.000000000000000000e+00,1.000000000000000000e+01
1.449999999999999956e+00,-2.001625659376574549e+04,-6.556159312494186224e+02,6.560594698831209826e+02,1.462004599908582614e-02,1.513116612107223480e+00,1.350362181062859879e+00,1.738632019428320019e-01,5.051792333423964498e-01,2.929865969218635180e-01,2.967728875627666518e-01,0.000000000000000000e+00,0.000000000000000000e+00,0.000000000000000000e+00,0.000000000000000000e+00,0.000000000000000000e+00,0.000000000000000000e+00,0.000000000000000000e+00,0.000000000000000000e+00,0.000000000000000000e+00,0.000000000000000000e+00,0.000000000000000000e+00,5.000000000000000000e+00,5.000000000000000000e+00,1.000000000000000000e+01
1.459999999999999964e+00,-2.022338988336633702e+04,-6.601869976688831230e+02,6.578744722883361646e+02,1.437749360414677935e-02,1.524613658573597874e+00,1.219044955405811814e+00,1.738632019428320019e-01,5.051792333423964498e-01,2.929865969218635180e-01,2.967728875627666518e-01,0.000000000000000000e+00,0.000000000000000000e+00,0.000000000000000000e+00,0.000000000000000000e+00,0.000000000000000000e+00,0.000000000000000000e+00,0.000000000000000000e+00,0.000000000000000000e+00,0.000000000000000000e+00,0.000000000000000000e+00,0.000000000000000000e+00,5.000000000000000000e+00,5.000000000000000000e+00,1.000000000000000000e+01
1.469999999999999973e+00,-2.043078669004080439e+04,-6.648258335152801237e+02,6.598813555136451896e+02,1.532514853871355838e-02,1.535558886468587403e+00,1.087204797450831428e+00,1.738632019428320019e-01,5.051792333423964498e-01,2.929865969218635180e-01,2.967728875627666518e-01,0.000000000000000000e+00,0.000000000000000000e+00,0.000000000000000000e+00,0.000000000000000000e+00,0.000000000000000000e+00,0.000000000000000000e+00,0.000000000000000000e+00,0.000000000000000000e+00,0.000000000000000000e+00,0.000000000000000000e+00,0.000000000000000000e+00,5.000000000000000000e+00,5.000000000000000000e+00,1.000000000000000000e+01
1.479999999999999982e+00,-2.063880282580659696e+04,-6.694433969230539105e+02,6.616738951072040891e+02,1.491513146105897386e-02,1.546413286561982847e+00,9.541133964881641782e-01,1.738632019428320019e-01,5.051792333423964498e-01,2.929865969218635180e-01,2.967728875627666518e-01,0.000000000000000000e+00,0.000000000000000000e+00,0.000000000000000000e+00,0.000000000000000000e+00,0.000000000000000000e+00,0.000000000000000000e+00,0.000000000000000000e+00,0.000000000000000000e+00,0.000000000000000000e+00,0.000000000000000000e+00,0.000000000000000000e+00,5.000000000000000000e+00,5.000000000000000000e+00,1.000000000000000000e+01
1.489999999999999991e+00,-2.084709632263506501e+04,-6.740304091149770329e+02,6.636555120558708722e+02,1.571186455524720485e-02,1.557943745274289027e+00,8.199768657006351047e-01,1.738632019428320019e-01,5.051792333423964498e-01,2.929865969218635180e-01,2.967728875627666518e-01,0.000000000000000000e+00,0.000000000000000000e+00,0.000000000000000000e+00,0.000000000000000000e+00,0.000000000000000000e+00,0.000000000000000000e+00,0.000000000000000000e+00,0.000000000000000000e+00,0.000000000000000000e+00,0.000000000000000000e+00,0.000000000000000000e+00,5.000000000000000000e+00,5.000000000000000000e+00,1.000000000000000000e+01
1.500000000000000000e+00,-2.105592826676692493e+04,-6.786928255358824345e+02,6.655070524503115621e+02,1.573224772281640177e-02,1.568434225970766205e+00,6.853283047912115400e-01,1.738632019428320019e-01,5.051792333423964498e-01,2.929865969218635180e-01,2.967728875627666518e-01,0.000000000000000000e+00,0.000000000000000000e+00,0.000000000000000000e+00,0.000000000000000000e+00,0.000000000000000000e+00,0.000000000000000000e+00,0.000000000000000000e+00,0.000000000000000000e+00,0.000000000000000000e+00,0.000000000000000000e+00,0.000000000000000000e+00,5.000000000000000000e+00,5.000000000000000000e+00,1.000000000000000000e+01
1.510000000000000009e+00,-2.126515142698882119e+04,-6.832523836872834408e+02,6.674122152801356833e+02,1.593167234006299254e-02,1.579998432111246798e+00,5.488618274398719965e-01,1.738632019428320019e-01,5.051792333423964498e-01,2.929865969218635180e-01,2.967728875627666518e-01,0.000000000000000000e+00,0.000000000000000000e+00,0.000000000000000000e+00,0.000000000000000000e+00,0.000000000000000000e+00,0.000000000000000000e+00,0.000000000000000000e+00,0.000000000000000000e+00,0.000000000000000000e+00,0.000000000000000000e+00,0.000000000000000000e+00,5.000000000000000000e+00,5.000000000000000000e+00,1.000000000000000000e+01
1.520000000000000018e+00,-2.147479856707383078e+04,-6.879171517536460669e+02,6.693401996673960639e+02,1.656642785804621903e-02,1.590789098637841237e+00,4.124522719299608120e-01,1.738632019428320019e-01,5.051792333423964498e-01,2.929865969218635180e-01,2.967728875627666518e-01,0.000000000000000000e+00,0.000000000000000000e+00,0.000000000000000000e+00,0.000000000000000000e+00,0.000000000000000000e+00,0.000000000000000000e+00,0.000000000000000000e+00,0.000000000000000000e+00,0.000000000000000000e+00,0.000000000000000000e+00,0.000000000000000000e+00,5.000000000000000000e+00,5.000000000000000000e+00,1.000000000000000000e+01
1.530000000000000027e+00,-2.168492670122456548e+04,-6.925007618159564799e+02,6.711842992025692638e+02,1.628869567057376899e-02,1.601814517928694892e+00,2.740802165848284511e-01,1.738632019428320019e-01,5.051792333423964498e-01,2.929865969218635180e-01,2.967728875627666518e-01,0.000000000000000000e+00,0.000000000000000000e+00,0.000000000000000000e+00,0.000000000000000000e+00,0.000000000000000000e+00,0.000000000000000000e+00,0.000000000000000000e+00,0.000000000000000000e+00,0.000000000000000000e+00,0.000000000000000000e+00,0.000000000000000000e+00,5.000000000000000000e+00,5.000000000000000000e+00,1.000000000000000000e+01
1.540000000000000036e+00,-2.189542810615970666e+04,-6.971202878611383085e+02,6.731461134957767172e+02,1.715537545134136060e-02,1.613199349427777429e+00,1.353645332467412477e-01,1.738632019428320019e-01,5.051792333423964498e-01,2.929865969218635180e-01,2.967728875627666518e-01,0.000000000000000000e+00,0.000000000000000000e+00,0.000000000000000000e+00,0.000000000000000000e+00,0.000000000000000000e+00,0.000000000000000000e+00,0.000000000000000000e+00,0.000000000000000000e+00,0.000000000000000000e+00,0.000000000000000000e+00,0.000000000000000000e+00,5.000000000000000000e+00,5.000000000000000000e+00,1.000000000000000000e+01
